Date,ROR,Index,Leverage,,Settle,1.1
20130102,0.024,695042.44,0.7,,684374.53,
20130103,-0.0332,671991.99,0.7,,648669.73,
20130104,0.0091,678106.45,0.7,,657945.71,
20130107,-0.0096,671565.42,0.7,,648020.13,
20130108,-0.0221,656748.03,0.7,,625515.31,
20130109,0.0187,669023.8,0.7,,643896.53,
20130110,-0.0009,668415.2,0.7,,642985.88,
20130111,-0.0211,654285.56,0.7,,621666.3,
20130114,-0.0193,641675.64,0.7,,602812.05,
20130115,-0.0455,612482.15,0.7,,559710.99,
20130116,-0.0003,612287.61,0.7,,559447.12,
20130117,0.0487,642114.5,0.7,,602260.81,
20130118,-0.0043,639356.83,0.7,,598191.25,
20130121,0,639356.83,0.7,,598191.25,
20130122,0.0209,652733.73,0.7,,617837.56,
20130123,-0.0088,646969.18,0.7,,609293.75,
20130124,0.0696,691993.25,0.7,,675933.08,
20130125,0.0498,726423.66,0.7,,728829.67,
20130128,0.0178,739366.4,0.7,,749216.08,
20130129,0.0156,750867.37,0.7,,767582.57,
20130130,-0.0035,748266.5,0.7,,763360.87,
20130131,-0.0543,707668.38,0.7,,698224.38,
20130201,0.0717,758441.42,0.7,,776894.32,
20130204,-0.0496,720858.18,0.7,,716340.95,
20130205,0.0521,758389.86,0.7,,774988.81,
20130206,-0.0252,739291.1,0.7,,744299.25,
20130207,-0.0215,723369.41,0.7,,719152.57,
20130208,-0.0107,715609.7,0.7,,707060.53,
20130211,0.0047,718953.28,0.7,,712282.68,
20130212,0.0283,739285.7,0.7,,743958.91,
20130213,0.0119,748106.29,0.7,,757870.94,
20130214,0.0191,762420.9,0.7,,780617.9,
20130215,0.0203,777877.93,0.7,,805519.61,
20130218,0,777877.93,0.7,,805519.61,
20130219,0.0201,793536.68,0.7,,830962.52,
20130220,0.0688,848131.99,0.7,,920801.44,
20130221,0.0285,872285.67,0.7,,962040.19,
20130222,-0.0005,871816.29,0.7,,961284.3,
20130225,-0.0178,856327.13,0.7,,934395.8,
20130226,-0.0202,839058.8,0.7,,904735.41,
20130227,0.0107,848022.82,0.7,,919947.89,
20130228,0.038,880287.63,0.7,,974881.92,
20130301,0.0531,926994.58,0.7,,1056228.86,
20130304,-0.0144,913674.7,0.7,,1032327.91,
20130305,-0.0133,901485.82,0.7,,1010752.25,
20130306,0.0252,924216.55,0.7,,1050778.04,
20130307,-0.0166,908883.46,0.7,,1023367.75,
20130308,0.013,920692.45,0.7,,1044273.69,
20130311,-0.0026,918280.11,0.7,,1040007.08,
20130312,-0.0485,873704.21,0.7,,960743.69,
20130313,-0.0065,868025.39,0.7,,950930.38,
20130314,0.0012,869032.13,0.7,,952723.56,
20130315,-0.0006,868516.22,0.7,,951825.28,
20130318,-0.0142,856158.03,0.7,,930585.98,
20130319,0.0339,885205.23,0.7,,980159.62,
20130320,-0.0425,847587.42,0.7,,914698.96,
20130321,-0.0368,816393.73,0.7,,861803.23,
20130322,-0.0221,798333.34,0.7,,831874.03,
20130325,-0.0191,783108.78,0.7,,806905.93,
20130326,0.0355,810936.28,0.7,,851919.75,
20130327,0.0111,819906.26,0.7,,866779.66,
20130328,0.014,831364.14,0.7,,885848.82,
20130329,0,831364.14,0.7,,885848.82,
20130401,0.007,837190.39,0.7,,895593.15,
20130402,0.0093,844987.47,0.7,,908681.61,
20130403,0.0343,873981.49,0.7,,957659.55,
20130404,0.0191,890655.49,0.7,,986403.01,
20130405,0.0648,948358.91,0.7,,1086847.02,
20130408,-0.0457,905033.17,0.7,,1008795.88,
20130409,-0.0826,830292.43,0.7,,877854.18,
20130410,-0.0001,830224.97,0.7,,877716.23,
20130411,-0.0037,827154.93,0.7,,872612.93,
20130412,0.0953,906014.89,0.7,,1003292.95,
20130415,0.1371,1030249.8,0.7,,1219445.25,
20130416,-0.0584,970087.02,0.7,,1107535.02,
20130417,0.0883,1055742.92,0.7,,1261213.42,
20130418,0.0163,1072936.91,0.7,,1293518.5,
20130419,-0.0066,1065801.9,0.7,,1280102.86,
20130422,-0.0313,1032491.52,0.7,,1217140.09,
20130423,0.0118,1044699.48,0.7,,1239709.34,
20130424,-0.0467,995860.02,0.7,,1148732.39,
20130425,-0.0857,910480.71,0.7,,994030.96,
20130426,0.0115,920957.91,0.7,,1011994.52,
20130429,-0.0001,920901.02,0.7,,1011835.49,
20130430,-0.02,902495.63,0.7,,980034.94,
20130501,0.0624,958837.93,0.7,,1076134.37,
20130502,-0.0779,884098.96,0.7,,944400.15,
20130503,-0.0714,820995.43,0.7,,838438.45,
20130506,-0.0193,805139.41,0.7,,813009.81,
20130507,0.0001,805237.65,0.7,,813137.57,
20130508,0.0067,810672.84,0.7,,821698.75,
20130509,-0.0157,797976.52,0.7,,801426.27,
20130510,-0.0203,781756.16,0.7,,775860.77,
20130513,0.0071,787299.02,0.7,,784517.16,
20130514,0.0264,808058.32,0.7,,817063.41,
20130515,0.0153,820415.75,0.7,,836707.95,
20130516,0.0034,823165.26,0.7,,841178.36,
20130517,0.0004,823453.38,0.7,,841707.1,
20130520,-0.0252,802698.06,0.7,,808375.5,
20130521,0.017,816324.81,0.7,,829970.68,
20130522,0.0666,870677.36,0.7,,916833.04,
20130523,-0.0473,829480.29,0.7,,848686.15,
20130524,-0.0054,825023,0.7,,841484.44,
20130527,0,825023,0.7,,841484.44,
20130528,0.0473,864025.27,0.7,,904030.77,
20130529,-0.017,849311.46,0.7,,879880.24,
20130530,-0.0431,812673.4,0.7,,820287.21,
20130531,0.0718,871028.81,0.7,,912839.04,
20130603,-0.0576,820871.93,0.7,,830214.07,
20130604,0.029,844701.32,0.7,,868048.11,
20130605,-0.0124,834249.94,0.7,,851133.57,
20130606,-0.0472,794861.3,0.7,,788003.78,
20130607,0.0163,807782.14,0.7,,808187.93,
20130610,0.0047,811544.02,0.7,,814156.98,
20130611,0.0159,824467.76,0.7,,834499.27,
20130612,0.0058,829240.92,0.7,,842105.13,
20130613,-0.0228,810372.08,0.7,,811933.71,
20130614,-0.0229,791775.95,0.7,,782715.7,
20130617,-0.0219,774410.41,0.7,,755779.09,
20130618,0.0105,782571.49,0.7,,768249.45,
20130619,-0.0017,781236.22,0.7,,766197.13,
20130620,0.0256,801215.04,0.7,,797020.14,
20130621,0.0037,804198.15,0.7,,801654.24,
20130624,0.0211,821142.59,0.7,,828234.81,
20130625,0.0065,826513.11,0.7,,836694.64,
20130626,0.0083,833345.3,0.7,,847607.52,
20130627,0.0126,843878.31,0.7,,864390.15,
20130628,0.0143,855908.18,0.7,,883814.23,
20130701,-0.019,839630.86,0.7,,857426.07,
20130702,0.0104,848336.83,0.7,,871438.86,
20130703,-0.0102,839691.38,0.7,,857470.94,
20130704,0,839691.38,0.7,,857470.94,
20130705,0.0889,914367.55,0.7,,977259.63,
20130708,-0.0316,885452.17,0.7,,928731.71,
20130709,-0.0024,883363.89,0.7,,925229.06,
20130710,0.026,906292.98,0.7,,963031.28,
20130711,-0.086,828387.75,0.7,,832884.48,
20130712,0.03,853219.27,0.7,,872149.03,
20130715,0.0083,860338.18,0.7,,883524.35,
20130716,-0.0222,841198.14,0.7,,852701.97,
20130717,0.0115,850885.69,0.7,,868111.51,
20130718,0.01,859429.47,0.7,,881753.27,
20130719,-0.0202,842095.64,0.7,,853763.9,
20130722,-0.0461,803308.42,0.7,,791914.8,
20130723,0.0099,811254.42,0.7,,804234.73,
20130724,0.0058,815939.14,0.7,,811564.76,
20130725,-0.0008,815319.42,0.7,,810544.51,
20130726,-0.0088,808136.02,0.7,,799335.83,
20130729,0.008,814632.97,0.7,,809384.63,
20130730,-0.0024,812647.74,0.7,,806332.09,
20130731,-0.0001,812534.91,0.7,,806205.38,
20130801,0.0567,858641.53,0.7,,878038.28,
20130802,-0.0232,838762.33,0.7,,846027.51,
20130805,0.0028,841077.83,0.7,,849750.03,
20130806,-0.0095,833114.25,0.7,,837064.48,
20130807,0.0058,837978.36,0.7,,844693.73,
20130808,-0.0296,813150.19,0.7,,805403.4,
20130809,0.0389,844810.08,0.7,,854636.56,
20130812,-0.0166,830814.8,0.7,,832342.75,
20130813,0.0428,866374.24,0.7,,888323.75,
20130814,-0.0057,861430.65,0.7,,880366.91,
20130815,-0.0198,844332.92,0.7,,852974.92,
20130816,0.022,862901.77,0.7,,882463.48,
20130819,-0.0352,832484.97,0.7,,833650.64,
20130820,-0.0366,801998.87,0.7,,785703.82,
20130821,-0.0189,786876.05,0.7,,762368.42,
20130822,0.016,799481.96,0.7,,781536.54,
20130823,-0.0048,795673.57,0.7,,775641.52,
20130826,-0.046,759057.46,0.7,,719573.72,
20130827,0.0195,773892.99,0.7,,741623.51,
20130828,0.0205,789774.27,0.7,,765514.39,
20130829,-0.0207,773455.26,0.7,,740613.3,
20130830,-0.014,762608.87,0.7,,724319.8,
20130902,0,762608.87,0.7,,724319.8,
20130903,0.0115,771411.88,0.7,,737409.3,
20130904,-0.0184,757215.57,0.7,,716087.63,
20130905,0.0252,776291.3,0.7,,744444.71,
20130906,0.0133,786606.4,0.7,,760003.6,
20130909,-0.0058,782031.8,0.7,,753076.71,
20130910,-0.0079,775875.95,0.7,,743727.8,
20130911,0.0222,793090.52,0.7,,769673.28,
20130912,-0.0017,791742.24,0.7,,767617.15,
20130913,0.0143,803090.63,0.7,,784866.6,
20130916,-0.0227,784891.45,0.7,,756869.29,
20130917,-0.019,769970.79,0.7,,734271.33,
20130918,0.0631,818591.31,0.7,,807079.58,
20130919,-0.0325,792025.14,0.7,,765860.88,
20130920,-0.0382,761754.98,0.7,,719887.34,
20130923,-0.0193,747043.13,0.7,,698054.19,
20130924,-0.0031,744701.41,0.7,,694653.67,
20130925,0.0274,765131.67,0.7,,724563.47,
20130926,-0.0068,759956.8,0.7,,716820.99,
20130927,-0.0107,751806.68,0.7,,704768.16,
20130930,0.0335,776977.83,0.7,,741869.17,
20131001,-0.0025,775033.12,0.7,,738954.68,
20131002,0.0177,788766.53,0.7,,759508.18,
20131003,-0.015,776955.96,0.7,,741605.48,
20131004,-0.0266,756275.71,0.7,,710606.37,
20131007,-0.0002,756109.74,0.7,,710383.04,
20131008,-0.004,753121.95,0.7,,705917.78,
20131009,-0.0163,740846.21,0.7,,687836.2,
20131010,-0.0211,725177.49,0.7,,665029.51,
20131011,0.0101,732473.59,0.7,,675584.48,
20131014,0.0095,739434.58,0.7,,685669.99,
20131015,-0.0132,729684.63,0.7,,671447.24,
20131016,-0.0292,708387.41,0.7,,640637.4,
20131017,0.0013,709301.69,0.7,,641946.13,
20131018,0.0101,716486.23,0.7,,652134.74,
20131021,-0.0077,710997.68,0.7,,644243.9,
20131022,0.0491,745935.98,0.7,,693951.92,
20131023,0.0019,747331.91,0.7,,696023.87,
20131024,0.006,751849.53,0.7,,702586.38,
20131025,-0.0064,747047.82,0.7,,695520.37,
20131028,0.0013,748040.42,0.7,,696941.21,
20131029,-0.0178,734704.45,0.7,,677446.77,
20131030,0.0112,742915.61,0.7,,689369.84,
20131031,0.0133,752827.07,0.7,,703777.67,
20131101,0.0272,773278.68,0.7,,733859.13,
20131104,0.0285,795342.57,0.7,,766725.54,
20131105,0.0245,814854.46,0.7,,796244.47,
20131106,-0.0263,793389.33,0.7,,763336.83,
20131107,-0.0757,733364.02,0.7,,672532.46,
20131108,-0.0022,731739.56,0.7,,670207.42,
20131111,-0.0084,725593.79,0.7,,661360.68,
20131112,-0.0116,717200.28,0.7,,649305.02,
20131113,0.0362,743197.49,0.7,,686241.2,
20131114,0.0012,744100.3,0.7,,687535.25,
20131115,-0.0512,706034.27,0.7,,632218.13,
20131118,0.0106,713531.34,0.7,,642749.08,
20131119,0.001,714269.53,0.7,,643759.11,
20131120,-0.0257,695910.97,0.7,,617760.44,
20131121,-0.0272,676966.39,0.7,,591355.6,
20131122,-0.0148,666949.43,0.7,,577602.35,
20131125,-0.0203,653418.45,0.7,,559176.84,
20131126,-0.0124,645326.8,0.7,,548280.88,
20131127,0.0633,686156.42,0.7,,602819.16,
20131128,0,686156.42,0.7,,602819.16,
20131129,0.0134,695374.47,0.7,,615512.81,
20131202,0.0144,705359.61,0.7,,629440.99,
20131203,-0.0123,696705.76,0.7,,617274.79,
20131204,0.0221,712121.2,0.7,,638711.86,
20131205,-0.0048,708679.27,0.7,,633894.15,
20131206,0.0103,715997.46,0.7,,644154.18,
20131209,0.0112,724012.28,0.7,,655491.29,
20131210,-0.0361,697895.71,0.7,,618306.21,
20131211,-0.0005,697540.74,0.7,,617820.4,
20131212,0.0453,729154.62,0.7,,661800.38,
20131213,-0.0412,699108.19,0.7,,618953.53,
20131216,-0.0078,693675.23,0.7,,611366.93,
20131217,-0.0035,691257.53,0.7,,608004.41,
20131218,0.0367,716602.99,0.7,,643068.9,
20131219,0.0309,738742.95,0.7,,674294.49,
20131220,-0.0212,723064.2,0.7,,651830.85,
20131223,-0.0079,717372.16,0.7,,643738.83,
20131224,0.0175,729939.95,0.7,,661441.65,
20131225,0,729939.95,0.7,,661441.65,
20131226,0.0366,756691.54,0.7,,699483.99,
20131227,0.0149,767974.89,0.7,,715861.91,
20131230,-0.0162,755510.42,0.7,,697638.11,
20131231,-0.0299,732914.33,0.7,,664859.09,
20140101,0,732914.33,0.7,,664859.09,
20140102,-0.0152,721753.46,0.7,,648978.45,
20140103,-0.0211,706513.92,0.7,,627460.18,
20140106,-0.0033,704184.24,0.7,,624206.35,
20140107,0.0368,730077.75,0.7,,660303.32,
20140108,0.0222,746316.92,0.7,,683338.47,
20140109,-0.0109,738165.65,0.7,,671633.86,
20140110,-0.0359,711675.53,0.7,,633744.11,
20140113,-0.0364,685762.8,0.7,,597493.95,
20140114,0.0249,702815.84,0.7,,620873.03,
20140115,-0.0264,684288.63,0.7,,595115.67,
20140116,-0.0105,677083.74,0.7,,585296.26,
20140117,0.0107,684348.05,0.7,,595137.6,
20140120,0,684348.05,0.7,,595137.6,
20140121,-0.0055,680596.28,0.7,,589993.91,
20140122,0.0317,702194.13,0.7,,619384.04,
20140123,0.0309,723915.47,0.7,,649459.56,
20140124,0.0053,727752.18,0.7,,654868.63,
20140127,-0.0103,720233.84,0.7,,644269.11,
20140128,0.0185,733525.2,0.7,,662998.94,
20140129,0.0508,770778.7,0.7,,715925.19,
20140130,-0.0552,728234.83,0.7,,653823.8,
20140131,-0.0099,721018.31,0.7,,643652.17,
20140203,0.0022,722602.06,0.7,,645877.36,
20140204,0.003,724770.63,0.7,,648922.21,
20140205,-0.0274,704935.58,0.7,,620981.48,
20140206,-0.0268,686047.22,0.7,,594829.29,
20140207,0.0363,710978.85,0.7,,628760.05,
20140210,-0.0114,702862.08,0.7,,617496.26,
20140211,0.0127,711802.98,0.7,,629819.72,
20140212,-0.0116,703528.02,0.7,,618339.01,
20140213,0.0656,749691.01,0.7,,682080.93,
20140214,0.0179,763140.05,0.7,,701266.89,
20140217,0,763140.05,0.7,,701266.89,
20140218,0.0444,797006.93,0.7,,750195.28,
20140219,0.027,818528.65,0.7,,782025,
20140220,-0.0122,808510.33,0.7,,767032.46,
20140221,0.0122,818339.69,0.7,,781737.57,
20140224,0.0012,819332.88,0.7,,783211.7,
20140225,0.0068,824943.74,0.7,,791580.88,
20140226,0.0133,835912.51,0.7,,808124.92,
20140227,0.0148,848284.26,0.7,,826919.59,
20140228,0.0392,881503.02,0.7,,877857.84,
20140303,0.0267,905081.27,0.7,,914690.25,
20140304,-0.0727,839326.9,0.7,,810193.42,
20140305,-0.0333,811393.56,0.7,,767797.16,
20140306,0.011,820310.49,0.7,,781069.08,
20140307,0.0927,896360.84,0.7,,894848.53,
20140310,-0.0367,863500.42,0.7,,843241.33,
20140311,0.0062,868886.43,0.7,,851456.91,
20140312,-0.0303,842593.58,0.7,,810915.4,
20140313,0.0106,851544.98,0.7,,824422.94,
20140314,0.0089,859112.9,0.7,,835953.08,
20140317,-0.032,831594.47,0.7,,793916.58,
20140318,0.0199,848143.29,0.7,,818743.49,
20140319,-0.0576,799256.79,0.7,,744635.5,
20140320,0.0011,800127.97,0.7,,745922.66,
20140321,0.0016,801445.22,0.7,,747798.12,
20140324,-0.0297,777623.89,0.7,,712897.32,
20140325,0.011,786190.73,0.7,,725220.26,
20140326,-0.0076,780193.08,0.7,,716559.05,
20140327,0.0194,795313.9,0.7,,738403.87,
20140328,-0.0206,778903.5,0.7,,714500.68,
20140331,0.004,782015.54,0.7,,718991.83,
20140401,-0.0269,760950.3,0.7,,688599.02,
20140402,-0.0223,743955.74,0.7,,664468.54,
20140403,0.0083,750137.39,0.7,,673135.11,
20140404,-0.0161,738075.28,0.7,,656104.79,
20140407,-0.0197,723533.57,0.7,,635793.66,
20140408,0.0139,733597.74,0.7,,649681.21,
20140409,0.0401,763032.81,0.7,,690620.41,
20140410,-0.02,747782.05,0.7,,668915.19,
20140411,-0.0222,731165.96,0.7,,645579.61,
20140414,0.0021,732706.87,0.7,,647710.02,
20140415,0.0033,735159.8,0.7,,651068.86,
20140416,0.036,761645.73,0.7,,687900.76,
20140417,-0.0241,743320.28,0.7,,661848.97,
20140418,0,743320.28,0.7,,661848.97,
20140421,-0.0078,737526.13,0.7,,653736.6,
20140422,-0.0128,728058.03,0.7,,640587.15,
20140423,-0.0194,713929.92,0.7,,621058.39,
20140424,0.012,722493.68,0.7,,632769.78,
20140425,-0.0054,718604.58,0.7,,627400.28,
20140428,-0.0102,711289.46,0.7,,617343.95,
20140429,0.0094,717949.09,0.7,,626463,
20140430,0.0313,740434.61,0.7,,657276.03,
20140501,-0.0012,739545.08,0.7,,656036.59,
20140502,-0.0285,718470.4,0.7,,626655.53,
20140505,-0.0228,702088.53,0.7,,604203.35,
20140506,0.0745,754417.97,0.7,,674938.3,
20140507,-0.0542,713528.66,0.7,,617452.84,
20140508,0.0478,747637.79,0.7,,663832.37,
20140509,-0.0985,673980.09,0.7,,561080.61,
20140512,-0.0292,654296.37,0.7,,535335.02,
20140513,0,654273.94,0.7,,535335.02,
20140514,0.0472,685180.57,0.7,,575041.58,
20140515,0.0013,686074.21,0.7,,576216.31,
20140516,0.0083,691736.49,0.7,,583731.82,
20140519,-0.0199,677977.57,0.7,,565477.69,
20140520,-0.0011,677217.4,0.7,,564500.22,
20140521,0.015,687362.16,0.7,,577806.3,
20140522,-0.029,667458.65,0.7,,551474.84,
20140523,0.028,686166.5,0.7,,575739.73,
20140526,0,686166.5,0.7,,575739.73,
20140527,0.023,701934.81,0.7,,596548.61,
20140528,0.0038,704608.16,0.7,,600110.86,
20140529,0.002,706015.51,0.7,,601996.92,
20140530,-0.0215,690806.25,0.7,,581658.03,
20140602,-0.0514,655319.62,0.7,,534676.68,
20140603,-0.0433,626940.53,0.7,,498295.75,
20140604,0.0049,630024.59,0.7,,502132.63,
20140605,-0.0265,613324.26,0.7,,481222.39,
20140606,-0.0055,609968.68,0.7,,477063.25,
20140609,0.0098,615947.84,0.7,,484410.03,
20140610,-0.0418,590229.76,0.7,,452591.21,
20140611,0.0074,594577.03,0.7,,457854.2,
20140612,0.0832,644020.37,0.7,,517715.36,
20140613,0.0242,659605.48,0.7,,537403.34,
20140616,0.0037,662073.81,0.7,,540527.96,
20140617,-0.0414,634664.16,0.7,,505362.75,
20140618,-0.0093,628768.65,0.7,,497977.24,
20140619,0.0519,661430.03,0.7,,538590.84,
20140620,0.0629,703002.26,0.7,,591826.69,
20140623,0.0099,709956.93,0.7,,601033.83,
20140624,-0.0239,692968.02,0.7,,578460.71,
20140625,0.0164,704324.7,0.7,,593368.47,
20140626,0.0657,750590.97,0.7,,654629.53,
20140627,0.0052,754511.67,0.7,,659978.79,
20140630,0.0406,785142.65,0.7,,702085.43,
20140701,-0.0134,774607.74,0.7,,687301.52,
20140702,-0.0057,770185.45,0.7,,681145.26,
20140703,-0.0089,763292.66,0.7,,671618.96,
20140704,0,763292.66,0.7,,671618.96,
20140707,0.0156,775180.79,0.7,,688083.22,
20140708,0.0102,783050.52,0.7,,699112.21,
20140709,0.0411,815258.03,0.7,,744264.87,
20140710,0.0209,832271.67,0.7,,768708.65,
20140711,-0.0161,818875.79,0.7,,749260.33,
20140714,-0.0622,767903.36,0.7,,676025.48,
20140715,0.0187,782279.09,0.7,,695890.97,
20140716,-0.0179,768281.51,0.7,,676316.55,
20140717,0.0436,801773.2,0.7,,722653.9,
20140718,-0.0262,780800.66,0.7,,692901.21,
20140721,0.0292,803563.49,0.7,,724695.47,
20140722,0.0146,815276.52,0.7,,741322.06,
20140723,-0.0021,813564.39,0.7,,738875.69,
20140724,-0.0132,802790.05,0.7,,723549.3,
20140725,0.0271,824507.51,0.7,,754362.16,
20140728,-0.0109,815519.98,0.7,,741441.02,
20140729,0.0389,847272.43,0.7,,786764.25,
20140730,0.0298,872538.06,0.7,,823607.29,
20140731,0.0195,889571.91,0.7,,848844.98,
20140801,-0.006,884218.98,0.7,,840841.58,
20140804,-0.0098,875568.93,0.7,,827892.62,
20140805,0.0193,892482.66,0.7,,853001.42,
20140806,-0.0477,849922.14,0.7,,789062.87,
20140807,0.0256,871653.6,0.7,,820805.74,
20140808,-0.0005,871194.04,0.7,,820160.82,
20140811,-0.0072,864894.85,0.7,,810881.29,
20140812,0.003,867470.01,0.7,,814704.02,
20140813,0.0294,893015.76,0.7,,852343.34,
20140814,0.0629,949226.51,0.7,,936591.39,
20140815,-0.0034,946014.32,0.7,,931587.32,
20140818,0.0043,950119.95,0.7,,937882.19,
20140819,0.0476,995384.67,0.7,,1008035.77,
20140820,0.0416,1036827.1,0.7,,1073932.51,
20140821,0.0093,1046465.8,0.7,,1089627.27,
20140822,0.0248,1072438.29,0.7,,1132091.6,
20140825,0.0183,1092028.41,0.7,,1164647.32,
20140826,-0.0165,1074039.73,0.7,,1134449.68,
20140827,0.0053,1079722.07,0.7,,1143898.03,
20140828,-0.0112,1067642.69,0.7,,1123765.42,
20140829,0.0041,1072028.69,0.7,,1131005.68,
20140901,0,1072028.69,0.7,,1131005.68,
20140902,0.0583,1134483.74,0.7,,1234621.96,
20140903,-0.0424,1086327.63,0.7,,1152360.86,
20140904,0.0378,1127411.45,0.7,,1220811.1,
20140905,0.005,1133017.55,0.7,,1230403.18,
20140908,0.0647,1206303.37,0.7,,1355500.03,
20140909,0.0299,1242367.59,0.7,,1419189.17,
20140910,0.0123,1257644.21,0.7,,1446620.07,
20140911,0.0299,1295226.57,0.7,,1514590.55,
20140912,0.0263,1329249.45,0.7,,1577186.41,
20140915,-0.0099,1316069.93,0.7,,1552649.89,
20140916,-0.0597,1237523.85,0.7,,1406989.15,
20140917,0.0252,1268748.51,0.7,,1462705.92,
20140918,0.0505,1332766.98,0.7,,1578782.09,
20140919,0.0274,1369244.44,0.7,,1646759.93,
20140922,0.0109,1384126.86,0.7,,1674966.58,
20140923,-0.0079,1373183.64,0.7,,1654173.06,
20140924,-0.0184,1347930.49,0.7,,1606343.83,
20140925,0.0045,1353976.27,0.7,,1617702.98,
20140926,0.0145,1373650.16,0.7,,1654563.5,
20140929,-0.0154,1352453.8,0.7,,1614523.06,
20140930,0.0584,1431465.66,0.7,,1762690.15,
20141001,-0.0142,1411108.43,0.7,,1723356.98,
20141002,-0.024,1377285.67,0.7,,1658361.8,
20141003,0.0785,1485429.86,0.7,,1862932.57,
20141006,-0.0598,1396560.38,0.7,,1687870.14,
20141007,0.0176,1421116.67,0.7,,1734551.8,
20141008,0.0192,1448413.02,0.7,,1786885.71,
20141009,-0.0028,1444352.44,0.7,,1779023.41,
20141010,0.0205,1474032.59,0.7,,1836333.38,
20141013,-0.0016,1471634.46,0.7,,1831716.31,
20141014,0.0386,1528378.09,0.7,,1942822.99,
20141015,0.0041,1534676.09,0.7,,1955340.32,
20141016,-0.0147,1512192.82,0.7,,1910171.96,
20141017,-0.0011,1510466.89,0.7,,1906870.09,
20141020,0.0083,1522936.56,0.7,,1931741.12,
20141021,-0.0272,1481506.72,0.7,,1849172.99,
20141022,0.0186,1509113.28,0.7,,1903221.67,
20141023,-0.0027,1504984.29,0.7,,1895146.58,
20141024,-0.0015,1502775.94,0.7,,1890679.45,
20141027,0.0063,1512217.16,0.7,,1909397.17,
20141028,-0.0213,1480071.11,0.7,,1845486.92,
20141029,-0.0114,1463187.87,0.7,,1812426.34,
20141030,0.0193,1491359.61,0.7,,1867394.64,
20141031,0.0171,1516887.33,0.7,,1917574.2,
20141103,0.0301,1562472.31,0.7,,2008275.46,
20141104,0.0087,1576073.7,0.7,,2035731.46,
20141105,0.0063,1586021.99,0.7,,2055885.2,
20141106,0.0346,1640839.32,0.7,,2167666.62,
20141107,-0.0443,1568164.71,0.7,,2016766.05,
20141110,-0.0043,1561439,0.7,,2003138.48,
20141111,-0.0138,1539939.49,0.7,,1959698.99,
20141112,-0.0048,1532537.5,0.7,,1944917.26,
20141113,0.0188,1561299.61,0.7,,2002375.67,
20141114,-0.0332,1509510.45,0.7,,1897908.87,
20141117,0,1509487.13,0.7,,1897908.87,
20141118,-0.0016,1507146.41,0.7,,1893136.99,
20141119,0.0086,1520145.91,0.7,,1918721.38,
20141120,-0.009,1506453.89,0.7,,1891585.18,
20141121,-0.0182,1479058.88,0.7,,1837485.84,
20141124,0.0154,1501850.75,0.7,,1881953,
20141125,0.0158,1525606.98,0.7,,1928679.2,
20141126,0.0039,1531533.13,0.7,,1940499.25,
20141127,0,1531533.13,0.7,,1940499.25,
20141128,0.0844,1660857.83,0.7,,2197864.9,
20141201,-0.0483,1580563.54,0.7,,2031046.95,
20141202,0.0179,1608923.66,0.7,,2088177.4,
20141203,0.006,1618599.87,0.7,,2107865.93,
20141204,-0.0218,1583369.48,0.7,,2035656.47,
20141205,0.0224,1618809.79,0.7,,2107311.57,
20141208,0.016,1644664.97,0.7,,2160295.41,
20141209,-0.0368,1584208.94,0.7,,2035368.61,
20141210,0.0261,1625566.17,0.7,,2118847.8,
20141211,-0.0021,1622139.43,0.7,,2111855.6,
20141212,0.0083,1635610.41,0.7,,2139400.23,
20141215,0.0315,1687123.96,0.7,,2245300.54,
20141216,0.0126,1708460.42,0.7,,2289757.49,
20141217,-0.008,1694812.62,0.7,,2260971.97,
20141218,0.0005,1695739.88,0.7,,2262748.45,
20141219,-0.016,1668650.64,0.7,,2205856.49,
20141222,0.0153,1694256.82,0.7,,2258891.58,
20141223,-0.008,1680649.69,0.7,,2230494.09,
20141224,0.0109,1699052.56,0.7,,2268699.26,
20141225,0,1699052.56,0.7,,2268699.26,
20141226,0.0183,1730157.26,0.7,,2333940.57,
20141229,0.0034,1736006.94,0.7,,2346410.48,
20141230,-0.0179,1704885.78,0.7,,2280409.31,
20141231,0.0187,1736784.51,0.7,,2347420.77,
20150101,0,1736784.51,0.7,,2347420.77,
20150102,0.0234,1777399.98,0.7,,2433738.78,
20150105,0.0274,1826176.55,0.7,,2538528.62,
20150106,0.0026,1830887.35,0.7,,2548900.32,
20150107,0.0034,1837038.85,0.7,,2562518.73,
20150108,-0.0097,1819184.62,0.7,,2523458.62,
20150109,0.0075,1832777.05,0.7,,2553199.39,
20150112,0.0234,1875641,0.7,,2647084.18,
20150113,0.0304,1932743.71,0.7,,2773539.17,
20150114,0.0488,2027114.47,0.7,,2986230,
20150115,-0.0094,2008152.79,0.7,,2942119.12,
20150116,-0.0136,1980925.57,0.7,,2879241.83,
20150119,0,1980925.57,0.7,,2879241.83,
20150120,0.0219,2024351.07,0.7,,2978328.88,
20150121,-0.0057,2012801,0.7,,2951651.56,
20150122,0.0116,2036193.12,0.7,,3005455.95,
20150123,0.0248,2086697.52,0.7,,3122582.87,
20150126,-0.0215,2041811.94,0.7,,3017084.17,
20150127,0.0103,2062852.99,0.7,,3065917.84,
20150128,-0.0002,2062451.3,0.7,,3064954.26,
20150129,0.0011,2064735.05,0.7,,3070252.25,
20150130,-0.0069,2050545.27,0.7,,3036961.95,
20150202,-0.0082,2033643.2,0.7,,2997828.52,
20150203,-0.0403,1951636.73,0.7,,2807980.33,
20150204,0.0101,1971274.4,0.7,,2852546.99,
20150205,-0.0078,1955914.34,0.7,,2817582.91,
20150206,-0.0058,1944655.85,0.7,,2791902.65,
20150209,-0.0028,1939152.77,0.7,,2779618.28,
20150210,0.0135,1965252.11,0.7,,2838585.9,
20150211,0.0015,1968150.1,0.7,,2845276.85,
20150212,-0.0182,1932283.56,0.7,,2763901.93,
20150213,-0.003,1926492.19,0.7,,2750872.11,
20150216,0,1926492.19,0.7,,2750872.11,
20150217,0.008,1941819.01,0.7,,2785454.5,
20150218,0.0087,1958649.24,0.7,,2823535.64,
20150219,-0.0052,1948368.29,0.7,,2800463.32,
20150220,0.0072,1962426.1,0.7,,2832148.57,
20150223,0.0018,1966040.86,0.7,,2840159.5,
20150224,0.0007,1967334.13,0.7,,2843283.68,
20150225,0.004,1975215.15,0.7,,2861155.75,
20150226,-0.0031,1969071.31,0.7,,2847217.83,
20150227,-0.0011,1966829.33,0.7,,2842296.21,
20150302,0.0012,1969140.47,0.7,,2847655.97,
20150303,-0.0228,1924162.66,0.7,,2745628.52,
20150304,-0.0044,1915658.44,0.7,,2726644.46,
20150305,0.0006,1916761.42,0.7,,2729215.3,
20150306,0.0182,1951581.01,0.7,,2807270.86,
20150309,-0.0094,1933213.29,0.7,,2765803.46,
20150310,0.013,1958279.04,0.7,,2822304.87,
20150311,0.0107,1979330.39,0.7,,2869759.91,
20150312,-0.0064,1966603.13,0.7,,2840898.32,
20150313,0.0058,1977977.37,0.7,,2866791.08,
20150316,0.0008,1979480.88,0.7,,2870395.05,
20150317,0.0083,1995900.67,0.7,,2907833.2,
20150318,-0.0021,1991753.56,0.7,,2898237.35,
20150319,-0.0145,1962964.03,0.7,,2832198.94,
20150320,-0.0211,1921535.52,0.7,,2738291.32,
20150323,-0.0058,1910361.94,0.7,,2713333.75,
20150324,-0.0018,1906874.13,0.7,,2705658.89,
20150325,-0.008,1891618.83,0.7,,2671644.89,
20150326,-0.0123,1868385.6,0.7,,2620005.81,
20150327,0.0088,1884865.96,0.7,,2656236.75,
20150330,-0.0024,1880309.74,0.7,,2646218.95,
20150331,-0.0022,1876212.76,0.7,,2637070.59,
20150401,-0.0257,1827930.51,0.7,,2530570.61,
20150402,0.0006,1829113.17,0.7,,2532956.58,
20150403,0,1829113.17,0.7,,2532956.58,
20150406,-0.0133,1804755.56,0.7,,2480017.78,
20150407,-0.0144,1778737.6,0.7,,2423898.52,
20150408,0.0085,1793791.71,0.7,,2456274.88,
20150409,0.0058,1804142.83,0.7,,2478662.07,
20150410,-0.0049,1795326.11,0.7,,2459576.38,
20150413,0.0037,1801912.91,0.7,,2473877.06,
20150414,-0.0267,1753870.6,0.7,,2370080.24,
20150415,-0.0266,1707192.34,0.7,,2271010.89,
20150416,-0.0053,1698151.08,0.7,,2252096.61,
20150417,-0.006,1687883.33,0.7,,2230862.56,
20150420,-0.0045,1680292.65,0.7,,2215087.17,
20150421,0.0017,1683157.91,0.7,,2221004.62,
20150422,-0.0083,1669223.97,0.7,,2192036.37,
20150423,-0.0146,1644931.92,0.7,,2141744.8,
20150424,-0.0075,1632581.21,0.7,,2116502.8,
20150427,-0.0083,1619065.21,0.7,,2088897.56,
20150428,-0.0062,1609010.16,0.7,,2068545.73,
20150429,0.0164,1635358.83,0.7,,2121855.11,
20150430,-0.0135,1613262.41,0.7,,2076841.47,
20150501,0.0044,1620283.79,0.7,,2091201.34,
20150504,-0.0019,1617256.86,0.7,,2084957.61,
20150505,-0.006,1607475.65,0.7,,2065299.44,
20150506,-0.0164,1581130.34,0.7,,2012073.72,
20150507,-0.0039,1574966.47,0.7,,1999742.59,
20150508,0.0049,1582685.3,0.7,,2015140.61,
20150511,-0.0046,1575328.23,0.7,,2000574.02,
20150512,0.0039,1581460.88,0.7,,2012834.68,
20150513,0.0038,1587493.06,0.7,,2024854.18,
20150514,0.0043,1594274.07,0.7,,2038536.41,
20150515,-0.0042,1587638.46,0.7,,2025082.07,
20150518,-0.0092,1572954.59,0.7,,1995805.16,
20150519,0.0098,1588347.66,0.7,,2026540.56,
20150520,0.0121,1607587,0.7,,2065073.79,
20150521,-0.0006,1606668.74,0.7,,2063126.72,
20150522,0.0411,1672739.91,0.7,,2196375.23,
20150525,0,1672739.91,0.7,,2196375.23,
20150526,0.0347,1730747.96,0.7,,2316140.43,
20150527,0.0093,1746761.74,0.7,,2349989.17,
20150528,0.0016,1749564.01,0.7,,2355897.71,
20150529,-0.0111,1730064.78,0.7,,2314804.13,
20150601,0.0194,1763668.72,0.7,,2385372.58,
20150602,-0.0203,1727870.88,0.7,,2309279.2,
20150603,0.0066,1739325.26,0.7,,2333229.72,
20150604,-0.0002,1738942.86,0.7,,2332496.42,
20150605,0.0153,1765575.43,0.7,,2388576.3,
20150608,-0.0146,1739747.04,0.7,,2333775.54,
20150609,-0.0097,1722904.09,0.7,,2298202.13,
20150610,-0.0254,1679085.35,0.7,,2206471.03,
20150611,0.0164,1706697.54,0.7,,2263334.94,
20150612,-0.0005,1705774.29,0.7,,2261556.61,
20150615,0.0035,1711660.68,0.7,,2273995.17,
20150616,0.0015,1714307.29,0.7,,2279355.3,
20150617,0.0023,1718248.86,0.7,,2287593.54,
20150618,-0.0048,1710024.6,0.7,,2270338.55,
20150619,0.0029,1714936.12,0.7,,2280684.81,
20150622,-0.0073,1702434.23,0.7,,2254522.1,
20150623,-0.0018,1699348.3,0.7,,2248145.02,
20150624,-0.0031,1694119.15,0.7,,2237193.34,
20150625,0.0076,1706912.25,0.7,,2263911.82,
20150626,0.0035,1712900.07,0.7,,2276363.34,
20150629,-0.0046,1704939.36,0.7,,2259908.48,
20150630,0.0235,1744969.62,0.7,,2343363.67,
20150701,-0.0097,1728060.39,0.7,,2307644.12,
20150702,-0.0027,1723414.15,0.7,,2297853.11,
20150703,0,1723414.15,0.7,,2297853.11,
20150706,-0.0028,1718580.41,0.7,,2287742.56,
20150707,0.0129,1740833.26,0.7,,2334118.37,
20150708,-0.0168,1711636.5,0.7,,2272497.64,
20150709,0.0086,1726312.54,0.7,,2303208.82,
20150710,0.0033,1732068.24,0.7,,2315152.61,
20150713,0.004,1739055.43,0.7,,2329705,
20150714,0.0014,1741436.81,0.7,,2334830.35,
20150715,0.007,1753641.42,0.7,,2360513.48,
20150716,0.0034,1759670.04,0.7,,2373125.37,
20150717,0.0173,1790119.21,0.7,,2437640.47,
20150720,0.0439,1868709.11,0.7,,2605802.84,
20150721,0.0071,1881942.64,0.7,,2634876.16,
20150722,0.0161,1912181.65,0.7,,2701538.53,
20150723,-0.0038,1904833.19,0.7,,2685406.48,
20150724,0.0082,1920402.9,0.7,,2720009.86,
20150727,-0.0075,1905948.13,0.7,,2687952.6,
20150728,-0.0125,1882148.55,0.7,,2635153.53,
20150729,-0.0009,1880505.92,0.7,,2631426.67,
20150730,-0.0022,1876375.6,0.7,,2622329.46,
20150731,-0.0308,1818630.31,0.7,,2495408.71,
20150803,0.0032,1824371.88,0.7,,2507957.05,
20150804,-0.0027,1819485.61,0.7,,2497316.15,
20150805,-0.0015,1816709.73,0.7,,2491429.62,
20150806,-0.0236,1773869.17,0.7,,2399033.17,
20150807,-0.0213,1736126.74,0.7,,2318734.1,
20150810,-0.0192,1702855.76,0.7,,2248774.58,
20150811,0.0216,1739669.27,0.7,,2325104.42,
20150812,-0.0831,1595173,0.7,,2021479,
20150813,-0.0084,1581818.09,0.7,,1994795.47,
20150814,0.0017,1584483.88,0.7,,2000124.43,
20150817,-0.0051,1576366.39,0.7,,1984094.86,
20150818,0.0028,1580768.89,0.7,,1992824.87,
20150819,-0.017,1553969.57,0.7,,1939587.98,
20150820,-0.021,1521285.22,0.7,,1875581.58,
20150821,0.0218,1554418.91,0.7,,1939833.64,
20150824,0.1332,1761544.33,0.7,,2345868.54,
20150825,-0.0553,1664168.61,0.7,,2142012.56,
20150826,-0.0054,1655117.73,0.7,,2123836.06,
20150827,-0.0285,1607900.57,0.7,,2028718.54,
20150828,-0.0132,1586756.12,0.7,,1986637.12,
20150831,0.0025,1590776.63,0.7,,1994441.77,
20150901,0.0191,1621238.87,0.7,,2054303.51,
20150902,-0.0065,1610700.99,0.7,,2033320.27,
20150903,-0.0027,1606306.93,0.7,,2024693.18,
20150904,0.0152,1630794.07,0.7,,2073054.43,
20150907,0,1630794.07,0.7,,2073054.43,
20150908,-0.0138,1608255.54,0.7,,2028098.76,
20150909,-0.006,1598659.12,0.7,,2008976.69,
20150910,-0.0029,1593990.9,0.7,,1999821.49,
20150911,-0.0006,1593033.42,0.7,,1997935.95,
20150914,0.0045,1600148.83,0.7,,2012064.21,
20150915,-0.0033,1594848.12,0.7,,2001630.22,
20150916,-0.0077,1582635.39,0.7,,1977410.49,
20150917,0.0164,1608619.07,0.7,,2028371.18,
20150918,0.0142,1631520.01,0.7,,2073632.84,
20150921,-0.0189,1600708.68,0.7,,2012045.94,
20150922,0.0336,1654536.74,0.7,,2118281.97,
20150923,-0.003,1649521.67,0.7,,2108295.78,
20150924,-0.0234,1610940.38,0.7,,2030770.73,
20150925,-0.0224,1574931.88,0.7,,1959287.6,
20150928,0.001,1576441.61,0.7,,1962366.49,
20150929,0.011,1593798.05,0.7,,1996287.39,
20150930,0.0282,1638725.22,0.7,,2084751.44,
20151001,0.0262,1681726.82,0.7,,2170583.64,
20151002,-0.0088,1666902.54,0.7,,2140567.57,
20151005,-0.0346,1609184.98,0.7,,2024181.85,
20151006,-0.0077,1596782.01,0.7,,1999689.25,
20151007,-0.0008,1595485.64,0.7,,1997175.35,
20151008,-0.0025,1591526.45,0.7,,1989329.31,
20151009,-0.0035,1585997.36,0.7,,1978388,
20151012,-0.0053,1577542.89,0.7,,1961910.85,
20151013,-0.0048,1570001.7,0.7,,1947112.44,
20151014,0.0212,1603334.49,0.7,,2011979.1,
20151015,0.0006,1604275.28,0.7,,2013876.11,
20151016,-0.0182,1575031.36,0.7,,1956279.25,
20151019,-0.008,1562435.37,0.7,,1931686.03,
20151020,-0.0118,1543972.93,0.7,,1895867.05,
20151021,0.0119,1562303.47,0.7,,1931319.76,
20151022,0.0013,1564280.99,0.7,,1935265.17,
20151023,0.0336,1616832.96,0.7,,2037447.17,
20151026,0.0186,1646962.81,0.7,,2096998.84,
20151027,-0.0164,1619977.11,0.7,,2042956.19,
20151028,0.0104,1636781.66,0.7,,2076343.93,
20151029,0.0021,1640206.54,0.7,,2083195.86,
20151030,-0.0056,1631056.9,0.7,,2064863.74,
20151102,0.006,1640773.11,0.7,,2084332.45,
20151103,-0.0022,1637099.38,0.7,,2077126.62,
20151104,-0.0071,1625520.41,0.7,,2053951.82,
20151105,-0.0003,1625043.59,0.7,,2052983.53,
20151106,0.0073,1636886.75,0.7,,2076534.18,
20151109,0.0056,1646107.3,0.7,,2094807.68,
20151110,0.0109,1664120.04,0.7,,2130688.75,
20151111,-0.0015,1661564.42,0.7,,2125666.41,
20151112,0.0052,1670201.38,0.7,,2143036.14,
20151113,0.0068,1681583.27,0.7,,2165936.01,
20151116,0.0014,1683944.03,0.7,,2170701.07,
20151117,0.0125,1705036.02,0.7,,2213339.84,
20151118,0.0168,1733658.99,0.7,,2271772.01,
20151119,-0.0272,1686470.33,0.7,,2174669.99,
20151120,0.0056,1695872.18,0.7,,2193807.08,
20151123,0.0023,1699730.3,0.7,,2201736.13,
20151124,-0.0169,1670970.14,0.7,,2143264.31,
20151125,0.0093,1686484.9,0.7,,2174586.59,
20151126,0,1686484.9,0.7,,2174586.59,
20151127,0.016,1713539.79,0.7,,2229261.91,
20151130,-0.0044,1706044.35,0.7,,2213848.15,
20151201,0.0071,1718209.51,0.7,,2238548.37,
20151202,0.0184,1749781.16,0.7,,2303274.4,
20151203,-0.0536,1655997.36,0.7,,2109272.89,
20151204,-0.004,1649365.18,0.7,,2096014.6,
20151207,0.024,1688883.74,0.7,,2175064.29,
20151208,0.0193,1721402.17,0.7,,2241030.89,
20151209,-0.0123,1700188.12,0.7,,2197714.96,
20151210,0.0033,1705828,0.7,,2209111.68,
20151211,0.0224,1743998.27,0.7,,2286872.41,
20151214,0.0131,1766902.34,0.7,,2333949.32,
20151215,0.0011,1768775.56,0.7,,2337983.71,
20151216,-0.0036,1762461.12,0.7,,2324757.41,
20151217,0.0358,1825519.89,0.7,,2455541.62,
20151218,-0.0245,1780804.37,0.7,,2361003.26,
20151221,-0.0193,1746476.22,0.7,,2289397.41,
20151222,0.0091,1762294.32,0.7,,2322135.79,
20151223,-0.0074,1749258.71,0.7,,2295132.67,
20151224,-0.0072,1736680.99,0.7,,2269164.88,
20151225,0,1736680.99,0.7,,2269164.88,
20151228,0.0013,1738853.04,0.7,,2273800.46,
20151229,-0.0194,1705068.98,0.7,,2204482.03,
20151230,0.017,1733975.96,0.7,,2263373.19,
20151231,-0.0048,1725642.84,0.7,,2246300.89,
20160101,0,1725642.84,0.7,,2246300.89,
20160104,0.0086,1740438.23,0.7,,2276658.04,
20160105,-0.0013,1738229.75,0.7,,2272007.16,
20160106,0.0014,1740711.99,0.7,,2277005.57,
20160107,-0.0017,1737700.78,0.7,,2270922.72,
20160108,-0.0165,1708967.05,0.7,,2212040.93,
20160111,0.0191,1741607.13,0.7,,2278433.76,
20160112,-0.0226,1702322.21,0.7,,2197516.81,
20160113,0.0035,1708250.7,0.7,,2209603.16,
20160114,0.008,1721915.77,0.7,,2237381.03,
20160115,0.0199,1756136.03,0.7,,2307347.13,
20160118,0,1756136.03,0.7,,2307347.13,
20160119,-0.0099,1738694.28,0.7,,2271451.4,
20160120,-0.0028,1733839.42,0.7,,2261457.01,
20160121,-0.0348,1673570.47,0.7,,2137787.62,
20160122,-0.0356,1613932.55,0.7,,2018193.67,
20160125,0.0002,1614231.17,0.7,,2018827.96,
20160126,-0.0113,1596026.04,0.7,,1982979.34,
20160127,-0.0145,1572959.04,0.7,,1937795.74,
20160128,-0.0272,1530148.03,0.7,,1854968.82,
20160129,-0.0512,1451854.48,0.7,,1705723.33,
20160201,-0.0284,1410688.27,0.7,,1629599.33,
20160202,-0.0081,1399293.08,0.7,,1608856.86,
20160203,-0.0092,1386415,0.7,,1585597.39,
20160204,0.0007,1387349.25,0.7,,1587341.54,
20160205,0.0048,1394072.64,0.7,,1599314.63,
20160208,0.0164,1417000.16,0.7,,1640531.26,
20160209,0.0273,1455736.35,0.7,,1710910.05,
20160210,-0.005,1448452.97,0.7,,1697467.18,
20160211,0.0496,1520349.64,0.7,,1829772.62,
20160212,-0.0046,1513415.03,0.7,,1816545.98,
20160215,0,1513415.03,0.7,,1816545.98,
20160216,-0.0418,1450101.42,0.7,,1697224.86,
20160217,0.0028,1454134,0.7,,1704692.65,
20160218,0.0043,1460337.84,0.7,,1716211.5,
20160219,0.0045,1466909.76,0.7,,1728347.57,
20160222,0.0072,1477463.02,0.7,,1747902.59,
20160223,0.0087,1490271.92,0.7,,1771798.91,
20160224,0.0217,1522659.85,0.7,,1832217.26,
20160225,-0.0121,1504183.47,0.7,,1797378.95,
20160226,0.0071,1514883.44,0.7,,1817432.57,
20160229,0.0269,1555646.39,0.7,,1894258.04,
20160301,0.0258,1595806.35,0.7,,1971056.67,
20160302,-0.0138,1573756.4,0.7,,1928312.9,
20160303,-0.0376,1514644.29,0.7,,1814377.16,
20160304,-0.0374,1458044.75,0.7,,1707743.62,
20160307,-0.0165,1434028.98,0.7,,1663464.27,
20160308,0.0042,1440048.02,0.7,,1674443.13,
20160309,-0.0042,1434022.24,0.7,,1663391.81,
20160310,-0.0037,1428729.82,0.7,,1653720.37,
20160311,0.0021,1431661.41,0.7,,1659177.65,
20160314,-0.016,1408749.36,0.7,,1617461.18,
20160315,-0.0176,1383919.28,0.7,,1572726.83,
20160316,0.0128,1401687.7,0.7,,1604361.1,
20160317,0.0339,1449209.88,0.7,,1689827.71,
20160318,0.0187,1476290.97,0.7,,1739484.5,
20160321,-0.0275,1435626.82,0.7,,1664313.92,
20160322,0.0268,1474066,0.7,,1734405.32,
20160323,-0.0342,1423614.73,0.7,,1641193.42,
20160324,-0.0068,1413939.08,0.7,,1623656.1,
20160325,0,1413939.08,0.7,,1623656.1,
20160328,-0.0054,1406300.75,0.7,,1609878.21,
20160329,0.0184,1432188.83,0.7,,1656426.69,
20160330,-0.0226,1399828.71,0.7,,1597599.88,
20160331,-0.0083,1388219.45,0.7,,1576762.61,
20160401,-0.0107,1373299.28,0.7,,1550250.48,
20160404,-0.0167,1350304.13,0.7,,1509567.48,
20160405,-0.004,1344965.94,0.7,,1500078.77,
20160406,0.0064,1353564.77,0.7,,1515165.27,
20160407,0.0094,1366262.47,0.7,,1537546.43,
20160408,-0.0048,1359762.45,0.7,,1525948.93,
20160411,0.0306,1401316.71,0.7,,1599325.28,
20160412,-0.0071,1391365.95,0.7,,1581481.38,
20160413,-0.0144,1371346.38,0.7,,1545694.71,
20160414,-0.0151,1350704.09,0.7,,1509017.59,
20160415,0.007,1360158.73,0.7,,1525616.78,
20160418,-0.0233,1328405.78,0.7,,1469757.41,
20160419,0.0353,1375250.74,0.7,,1551286.95,
20160420,0.0267,1411925.27,0.7,,1616374.52,
20160421,-0.0099,1397978.04,0.7,,1591228.35,
20160422,-0.0604,1313573.77,0.7,,1440198.05,
20160425,0.0143,1332408.16,0.7,,1472561.36,
20160426,0.0087,1344006.59,0.7,,1492693.38,
20160427,0.0046,1350171.35,0.7,,1503483.42,
20160428,0.0018,1352632.18,0.7,,1507736.13,
20160429,0.013,1370173.86,0.7,,1538537.02,
20160502,0.0116,1386088.35,0.7,,1566582.35,
20160503,-0.0167,1362934.62,0.7,,1525470.76,
20160504,-0.0087,1351094.83,0.7,,1504615.39,
20160505,-0.0167,1328530.02,0.7,,1465129.99,
20160506,0.0206,1355907.6,0.7,,1512558.34,
20160509,-0.0202,1328565.6,0.7,,1464545.41,
20160510,0.019,1353815.99,0.7,,1508272.56,
20160511,0.0029,1357732.13,0.7,,1515145.97,
20160512,-0.0091,1345318.09,0.7,,1493479.38,
20160513,-0.0057,1337662.65,0.7,,1480102.07,
20160516,0.0024,1340930.21,0.7,,1485684.17,
20160517,0.0034,1345500.41,0.7,,1493621.97,
20160518,-0.0112,1330493.66,0.7,,1467334.22,
20160519,-0.0279,1293352.3,0.7,,1403002.1,
20160520,0.0003,1293697.43,0.7,,1403663.51,
20160523,-0.0064,1285389.99,0.7,,1389546.67,
20160524,-0.0076,1275649.57,0.7,,1372951.51,
20160525,0.0102,1288671.31,0.7,,1394957.96,
20160526,-0.0011,1287218.15,0.7,,1392546.68,
20160527,0.0013,1288940.97,0.7,,1395391.45,
20160530,0,1288940.97,0.7,,1395391.45,
20160531,-0.0102,1275744.51,0.7,,1373025.32,
20160601,0.0036,1280386.15,0.7,,1380792.72,
20160602,0.0099,1293045.79,0.7,,1402273.91,
20160603,0.0251,1325459.21,0.7,,1457583.6,
20160606,0.0066,1334159.52,0.7,,1472700.83,
20160607,0.017,1356834.82,0.7,,1512042.98,
20160608,0.0499,1424510.45,0.7,,1630608.75,
20160609,-0.0228,1392027.3,0.7,,1572186.36,
20160610,0.0093,1404937.35,0.7,,1595162.74,
20160613,-0.0108,1389721.22,0.7,,1568090.55,
20160614,-0.0062,1381171.71,0.7,,1552812.87,
20160615,-0.0168,1358013.43,0.7,,1511818.61,
20160616,0.0151,1378453.94,0.7,,1547691.91,
20160617,0.0119,1394855.17,0.7,,1576633.75,
20160620,-0.0198,1367239.27,0.7,,1527577.91,
20160621,-0.0191,1341143.97,0.7,,1481728.75,
20160622,-0.0034,1336645.86,0.7,,1473812.09,
20160623,0.0108,1351067.53,0.7,,1498824.79,
20160624,-0.0232,1319765.64,0.7,,1444181.92,
20160627,0.0064,1328261.85,0.7,,1458706.26,
20160628,0.0262,1363024.88,0.7,,1518763.28,
20160629,0.0186,1388415.15,0.7,,1563154.56,
20160630,-0.0057,1380488.76,0.7,,1549153.16,
20160701,0.0297,1421482.78,0.7,,1621454.35,
20160704,0,1421482.78,0.7,,1621454.35,
20160705,-0.0023,1418182.42,0.7,,1615593.95,
20160706,0.0016,1420390.71,0.7,,1619656.02,
20160707,-0.0146,1399645.1,0.7,,1582496.48,
20160708,0.0071,1409644.1,0.7,,1600152.62,
20160711,0.0323,1455115.12,0.7,,1681371.8,
20160712,-0.0002,1454824.39,0.7,,1680843.37,
20160713,0.0175,1480307.79,0.7,,1727066.56,
20160714,0.0113,1497010.42,0.7,,1757734.33,
20160715,-0.0154,1474018.25,0.7,,1715197.16,
20160718,0.0022,1477297.95,0.7,,1721126.84,
20160719,-0.0056,1469038.78,0.7,,1705980.92,
20160720,-0.0003,1468561.15,0.7,,1705176.67,
20160721,-0.0065,1459057.83,0.7,,1687759.51,
20160722,-0.0393,1401656.62,0.7,,1583528.31,
20160725,-0.0116,1385349.32,0.7,,1554662.85,
20160726,0.0191,1411799.92,0.7,,1601324.94,
20160727,-0.0001,1411662.66,0.7,,1601073.31,
20160728,0.0065,1420777.02,0.7,,1617427.13,
20160729,0.0245,1455515.88,0.7,,1679698.07,
20160801,-0.0082,1443531.53,0.7,,1658053.96,
20160802,-0.0019,1440839.63,0.7,,1653103.49,
20160803,-0.0138,1420933.74,0.7,,1617254.76,
20160804,0.0071,1431025.04,0.7,,1635298.7,
20160805,-0.0179,1405478.82,0.7,,1589300.08,
20160808,-0.0052,1398166.43,0.7,,1576313.23,
20160809,-0.007,1388441.6,0.7,,1558973.78,
20160810,-0.0097,1375019.54,0.7,,1535210.57,
20160811,0.0039,1380337.32,0.7,,1544619.22,
20160812,-0.0074,1370078.2,0.7,,1526657.5,
20160815,-0.0032,1365649.47,0.7,,1518980.6,
20160816,-0.0016,1363399.35,0.7,,1515161.44,
20160817,-0.0032,1359072.74,0.7,,1507542.35,
20160818,-0.0014,1357215.61,0.7,,1504225.75,
20160819,-0.0082,1346065.07,0.7,,1484842.73,
20160822,-0.0002,1345752.75,0.7,,1484376.07,
20160823,0.0091,1358032.79,0.7,,1505602.64,
20160824,-0.0026,1354494.58,0.7,,1499451.18,
20160825,0.0065,1363276.24,0.7,,1514767,
20160826,0.0263,1399081.67,0.7,,1577370.16,
20160829,0.0147,1419584.75,0.7,,1613807.41,
20160830,0.0135,1438727.45,0.7,,1648043.18,
20160831,0.0103,1453503.31,0.7,,1674717.94,
20160901,-0.0118,1436352.49,0.7,,1643663.88,
20160902,-0.0144,1415646.69,0.7,,1606470.12,
20160905,0,1415646.69,0.7,,1606470.12,
20160906,-0.0032,1411049,0.7,,1598391.87,
20160907,-0.0058,1402857.11,0.7,,1583823.67,
20160908,-0.0088,1390511.67,0.7,,1561921.65,
20160909,-0.0113,1374781.41,0.7,,1534186.38,
20160912,-0.0094,1361793.55,0.7,,1511524.26,
20160913,0.0005,1362468.7,0.7,,1512711.88,
20160914,0.0032,1366889.16,0.7,,1520318.66,
20160915,-0.0006,1366085.47,0.7,,1518885.22,
20160916,-0.0009,1364889.61,0.7,,1516737.08,
20160919,0.0035,1369659.18,0.7,,1525079.14,
20160920,0.0215,1399147.98,0.7,,1576605.03,
20160921,-0.0043,1393079.95,0.7,,1565951.68,
20160922,-0.0144,1373000.65,0.7,,1530516.43,
20160923,-0.0247,1339021.07,0.7,,1471110.53,
20160926,0.0202,1366100.51,0.7,,1517807.78,
20160927,-0.0216,1336566.95,0.7,,1466289.05,
20160928,-0.0132,1318875.91,0.7,,1435874.02,
20160929,-0.0068,1309847.13,0.7,,1420530.68,
20160930,0.0013,1311602.75,0.7,,1423432.62,
20161003,-0.0096,1298971.99,0.7,,1401959.13,
20161004,0.0281,1335518.33,0.7,,1463865.64,
20161005,-0.0081,1324649.52,0.7,,1445232.72,
20161006,0.0107,1338858.68,0.7,,1469533.27,
20161007,0.0332,1383268.32,0.7,,1546200.92,
20161010,0.0267,1420239.84,0.7,,1611075.1,
20161011,-0.0206,1390965.3,0.7,,1558922.29,
20161012,-0.0167,1367732.33,0.7,,1518011.72,
20161013,0.0032,1372167.06,0.7,,1525645.15,
20161014,-0.0211,1343148.14,0.7,,1475059.12,
20161017,-0.0097,1330174.85,0.7,,1452575,
20161018,0.0034,1334723.14,0.7,,1460335.9,
20161019,-0.0295,1295346.74,0.7,,1392638.9,
20161020,-0.0118,1280017.5,0.7,,1366815.4,
20161021,-0.0079,1269958.48,0.7,,1349847.36,
20161024,0.0166,1291010.97,0.7,,1385059.09,
20161025,-0.0254,1258262.58,0.7,,1329775.45,
20161026,0.0128,1274403.2,0.7,,1356522.93,
20161027,0.0204,1300344.58,0.7,,1400009.18,
20161028,-0.0036,1295661.87,0.7,,1392089.13,
20161031,-0.0142,1277233.85,0.7,,1361025.65,
20161101,-0.0206,1250970.48,0.7,,1316967.31,
20161102,0.0048,1256935.29,0.7,,1326901.01,
20161103,0.0366,1302984.62,0.7,,1403216.77,
20161104,0.0261,1337018.69,0.7,,1460768.7,
20161107,0.0346,1383231.99,0.7,,1540192.78,
20161108,0.0136,1402007.2,0.7,,1573108.9,
20161109,0.0658,1494316.61,0.7,,1735768.36,
20161110,0.0147,1516211.98,0.7,,1775864.61,
20161111,0.0051,1523933.36,0.7,,1790096.9,
20161114,0.0007,1525051.12,0.7,,1792066.01,
20161115,-0.0021,1521875.24,0.7,,1786152.19,
20161116,-0.0148,1499394.14,0.7,,1744611.39,
20161117,0.0087,1512416.31,0.7,,1768462.72,
20161118,-0.0232,1477399.3,0.7,,1703989.62,
20161121,-0.0024,1473833.12,0.7,,1697563.15,
20161122,0.0071,1484327.19,0.7,,1716503.1,
20161123,0.0081,1496384.6,0.7,,1738351.74,
20161124,0,1496384.6,0.7,,1738351.74,
20161125,0.0149,1518605.96,0.7,,1779054,
20161128,-0.0086,1505578.39,0.7,,1755011.36,
20161129,-0.0113,1488495.6,0.7,,1723847.37,
20161130,0.0177,1514851.9,0.7,,1771794.95,
20161201,0.0229,1549593.65,0.7,,1835554.26,
20161202,-0.0248,1511152.41,0.7,,1764020.09,
20161205,0.01,1526323.13,0.7,,1791740.4,
20161206,0.006,1535552.72,0.7,,1808633.96,
20161207,-0.0026,1531610.13,0.7,,1801244.39,
20161208,-0.0139,1510270.74,0.7,,1761900.07,
20161209,0.0076,1521808.8,0.7,,1782942.19,
20161212,-0.0222,1487970.07,0.7,,1720742.98,
20161213,-0.0053,1480146.54,0.7,,1706411.65,
20161214,-0.0128,1461235.75,0.7,,1672088.4,
20161215,0.0082,1473242.08,0.7,,1693634.45,
20161216,-0.0028,1469131.77,0.7,,1686182.46,
20161219,-0.0162,1445317.58,0.7,,1643257.07,
20161220,-0.0005,1444607.69,0.7,,1641965.94,
20161221,-0.0036,1439374.42,0.7,,1632677.1,
20161222,0.0164,1462982.62,0.7,,1674753.53,
20161223,0.0115,1479782.37,0.7,,1705018.71,
20161226,0,1479782.37,0.7,,1705018.71,
20161227,-0.0209,1448925.15,0.7,,1649021.03,
20161228,0.0056,1457077.45,0.7,,1663532.41,
20161229,-0.0179,1431023.79,0.7,,1616739.62,
20161230,-0.0133,1412062.25,0.7,,1582949.77,
20170102,0,1412062.25,0.7,,1582949.77,
20170103,-0.0104,1397307.75,0.7,,1557079.84,
20170104,-0.0232,1364881.38,0.7,,1500313.16,
20170105,-0.0226,1334024.59,0.7,,1447030.61,
20170106,0.0097,1347024.98,0.7,,1469087.49,
20170109,-0.0148,1327137.59,0.7,,1434920.71,
20170110,0.0049,1333630.51,0.7,,1445969.6,
20170111,-0.0213,1305260.98,0.7,,1397570.94,
20170112,-0.0122,1289341.57,0.7,,1370777.5,
20170113,0.0021,1292038.68,0.7,,1375301.07,
20170116,0,1292038.68,0.7,,1375301.07,
20170117,-0.0052,1285362.66,0.7,,1364062.9,
20170118,-0.0182,1261939.12,0.7,,1325050.7,
20170119,0.0009,1263052.33,0.7,,1326924.7,
20170120,0,1263047.24,0.7,,1326924.7,
20170123,0.0052,1269671.43,0.7,,1337767.57,
20170124,0.0004,1270123.55,0.7,,1338608.45,
20170125,0.0039,1275097.18,0.7,,1346812.21,
20170126,-0.0017,1272896.36,0.7,,1343214.29,
20170127,0.0088,1284108.04,0.7,,1361789.03,
20170130,-0.0004,1283656.61,0.7,,1360933.05,
20170131,0.0004,1284138.94,0.7,,1361788.49,
20170201,-0.0022,1281291.71,0.7,,1357080.59,
20170202,-0.0035,1276849.55,0.7,,1349616.65,
20170203,-0.0007,1275927.4,0.7,,1348132.07,
20170206,-0.0047,1269884.24,0.7,,1338175.15,
20170207,-0.0049,1263629.02,0.7,,1327871.21,
20170208,0.0012,1265155.28,0.7,,1330375.19,
20170209,-0.0023,1262214.24,0.7,,1325566.83,
20170210,0.0098,1274528.34,0.7,,1345980.56,
20170213,0.0096,1286725.88,0.7,,1366285.64,
20170214,-0.0114,1272000.27,0.7,,1341809.61,
20170215,-0.0049,1265806.75,0.7,,1331477.68,
20170216,-0.0054,1258916.21,0.7,,1320179.14,
20170217,-0.0076,1249353.88,0.7,,1304412.43,
20170220,0,1249353.88,0.7,,1304412.43,
20170221,-0.0091,1238029.95,0.7,,1285759.33,
20170222,-0.0176,1216270.36,0.7,,1250198.9,
20170223,-0.0229,1188393.67,0.7,,1205209.6,
20170224,0.0078,1197622.65,0.7,,1219982.03,
20170227,-0.0048,1191869.04,0.7,,1210779.88,
20170228,-0.0065,1184159.84,0.7,,1198412.62,
20170301,-0.0245,1155153.43,0.7,,1152273.74,
20170302,0.0217,1180216.71,0.7,,1191566.27,
20170303,-0.0075,1171378.25,0.7,,1177522.81,
20170306,0.0068,1179295.27,0.7,,1190105.48,
20170307,0.0035,1183476.07,0.7,,1196651.07,
20170308,0.0733,1270234.12,0.7,,1334488.17,
20170309,0.0439,1325941.88,0.7,,1426548.79,
20170310,0.0031,1330084.22,0.7,,1433498.12,
20170313,-0.0013,1328321.25,0.7,,1430569.69,
20170314,0.0217,1357201.42,0.7,,1479352.12,
20170315,-0.0582,1278247.02,0.7,,1344054.8,
20170316,-0.0048,1272167.41,0.7,,1333916.79,
20170317,-0.0033,1268019.01,0.7,,1326999.48,
20170320,-0.0022,1265216.14,0.7,,1322411.85,
20170321,-0.0038,1260402.92,0.7,,1314515.16,
20170322,0.0052,1266909.15,0.7,,1325256.63,
20170323,0.0174,1288972.37,0.7,,1361492.93,
20170324,0.0176,1311673.68,0.7,,1399147.93,
20170327,-0.0001,1311539.14,0.7,,1398928.07,
20170328,-0.0162,1290339.9,0.7,,1363315.36,
20170329,-0.0189,1266005.27,0.7,,1322824.89,
20170330,-0.0016,1263927.07,0.7,,1319498.93,
20170331,0.0002,1264152.34,0.7,,1319913.63,
20170403,0.0209,1290626.23,0.7,,1363263.37,
20170404,-0.0129,1273958.12,0.7,,1335628.07,
20170405,-0.0251,1241957.41,0.7,,1282947.08,
20170406,0.0057,1248994.93,0.7,,1294438.62,
20170407,-0.0324,1208519.81,0.7,,1228533.2,
20170410,-0.0126,1193343.65,0.7,,1204208.25,
20170411,0.0336,1233487.58,0.7,,1267790.44,
20170412,0.0003,1233836.68,0.7,,1268388.12,
20170413,0.0204,1259064.23,0.7,,1309049.01,
20170414,0,1259064.23,0.7,,1309049.01,
20170417,-0.0188,1235367.26,0.7,,1270375.97,
20170418,0.0222,1262799.36,0.7,,1314693.94,
20170419,-0.0116,1248117.25,0.7,,1290728.95,
20170420,0.0232,1277020.49,0.7,,1337785.24,
20170421,0.0227,1306022.82,0.7,,1385505.95,
20170424,-0.0052,1299222.51,0.7,,1374184.38,
20170425,-0.0045,1293342.42,0.7,,1364466.94,
20170426,0.0267,1327933.32,0.7,,1421716.07,
20170427,0.0054,1335039.64,0.7,,1433780.35,
20170428,-0.0036,1330196.19,0.7,,1425669.25,
20170501,-0.0567,1254827.14,0.7,,1298642.12,
20170502,0.0262,1287671.71,0.7,,1352109.07,
20170503,-0.0177,1264816.94,0.7,,1314501.12,
20170504,0.0536,1332585.33,0.7,,1425219.67,
20170505,-0.0385,1281297.92,0.7,,1338993.88,
20170508,-0.0117,1266283.03,0.7,,1314375.52,
20170509,0.0307,1305198.65,0.7,,1377784.75,
20170510,-0.0392,1254014.13,0.7,,1292913.21,
20170511,-0.0017,1251910.89,0.7,,1289459.29,
20170512,-0.0128,1235889.51,0.7,,1263522.74,
20170515,-0.0263,1203350.88,0.7,,1211303.15,
20170516,-0.004,1198535.85,0.7,,1203689.24,
20170517,-0.0141,1181645.16,0.7,,1177018.93,
20170518,0.0206,1206022.66,0.7,,1215120.71,
20170519,-0.0559,1138623.18,0.7,,1108381.03,
20170522,-0.0126,1124231.61,0.7,,1086435.09,
20170523,-0.0071,1116299.89,0.7,,1074313.58,
20170524,0,1116306.46,0.7,,1074313.58,
20170525,0.0064,1123486.11,0.7,,1085118.1,
20170526,-0.0223,1098400.21,0.7,,1047092.47,
20170529,0,1098400.21,0.7,,1047092.47,
20170530,0.0041,1102922.18,0.7,,1053838.73,
20170531,0.0323,1138540.66,0.7,,1107328.58,
20170601,0.0023,1141129.76,0.7,,1111330.78,
20170602,0.029,1174190.08,0.7,,1161975.71,
20170605,-0.0325,1135988.82,0.7,,1102631.95,
20170606,0.0202,1158879.06,0.7,,1137632.64,
20170607,0.0248,1187595.57,0.7,,1181967.81,
20170608,-0.0312,1150568.23,0.7,,1124017.61,
20170609,-0.0387,1106003.72,0.7,,1055661.29,
20170612,-0.0512,1049411.28,0.7,,970725.79,
20170613,-0.0105,1038345.08,0.7,,954708.82,
20170614,0.0658,1106674.66,0.7,,1053425.71,
20170615,-0.0543,1046637.35,0.7,,963538.4,
20170616,0.0218,1069468.65,0.7,,996546.47,
20170619,0.0085,1078564.35,0.7,,1009857.49,
20170620,0.0589,1142081.25,0.7,,1103327.01,
20170621,0.0276,1173590.37,0.7,,1151179.88,
20170622,0.0572,1240695.06,0.7,,1254654.5,
20170623,-0.0511,1177342.24,0.7,,1153905.75,
20170626,-0.0249,1148013.69,0.7,,1108755.06,
20170627,-0.0304,1113068.93,0.7,,1055788.25,
20170628,0.0122,1126662.3,0.7,,1076029.22,
20170629,-0.0034,1122849.7,0.7,,1070280.15,
20170630,0.0322,1159023.2,0.7,,1124436.32,
20170703,0.0367,1201502.03,0.7,,1189284.17,
20170704,0,1201502.03,0.7,,1189284.17,
20170705,0.0237,1230022.36,0.7,,1233576.51,
20170706,-0.0234,1201235.73,0.7,,1188216.14,
20170707,0.064,1278137.21,0.7,,1307716.74,
20170710,-0.0041,1272833.55,0.7,,1299291.31,
20170711,-0.0247,1241367.78,0.7,,1248860.24,
20170712,0.0006,1242170.74,0.7,,1250037.74,
20170713,-0.0378,1195163.01,0.7,,1175785.5,
20170714,-0.0365,1151500.36,0.7,,1108345.8,
20170717,-0.019,1129614.29,0.7,,1075253.76,
20170718,-0.0332,1092115.38,0.7,,1019156.24,
20170719,-0.012,1079031.73,0.7,,999937.86,
20170720,0.0053,1084721.82,0.7,,1008265.92,
20170721,0.0199,1106354.72,0.7,,1039795.83,
20170724,0.0167,1124847.45,0.7,,1067083.05,
20170725,0.0244,1152243.68,0.7,,1107998.06,
20170726,0.0063,1159464.66,0.7,,1118967.24,
20170727,-0.0222,1133698.16,0.7,,1079931.27,
20170728,0.0344,1172681.3,0.7,,1138309.27,
20170731,0.022,1198457.92,0.7,,1177662.24,
20170801,-0.0192,1175393.58,0.7,,1142130.49,
20170802,-0.0021,1172977.6,0.7,,1138361.46,
20170803,-0.0301,1137673.26,0.7,,1084516.96,
20170804,-0.0286,1105176.95,0.7,,1035775.67,
20170807,-0.007,1097445.45,0.7,,1024382.14,
20170808,-0.0003,1097087.63,0.7,,1023899.22,
20170809,-0.0137,1082012.31,0.7,,1001856.13,
20170810,-0.0173,1063267.16,0.7,,974619.96,
20170811,0.0167,1080995.39,0.7,,1000196.77,
20170814,-0.0299,1048657.65,0.7,,953201.81,
20170815,-0.0545,991548.35,0.7,,871566.88,
20170816,0.0357,1026945.33,0.7,,920461.78,
20170817,0.0127,1039980.71,0.7,,938831.57,
20170818,0.0134,1053930.57,0.7,,958600.68,
20170821,0.0141,1068738.85,0.7,,979840.53,
20170822,-0.0106,1057360.2,0.7,,963519.19,
20170823,0.0141,1072320.57,0.7,,984868.02,
20170824,0.0019,1074318.3,0.7,,987808.56,
20170825,0.0083,1083282.7,0.7,,1000692.4,
20170828,0.0286,1114286.33,0.7,,1045666.38,
20170829,-0.0128,1100011.68,0.7,,1024633.55,
20170830,-0.0265,1070808.41,0.7,,981964.88,
20170831,0.0276,1100313.47,0.7,,1024554.1,
20170901,0.0173,1119340.22,0.7,,1052407.33,
20170904,0,1119340.22,0.7,,1052407.33,
20170905,0.0595,1185892.7,0.7,,1150807.42,
20170906,0.0007,1186668.85,0.7,,1152073.31,
20170907,0.0381,1231868.41,0.7,,1221049.58,
20170908,-0.008,1221997.23,0.7,,1205699.24,
20170911,-0.0685,1138306.43,0.7,,1075914.33,
20170912,-0.0308,1103191.91,0.7,,1023840.08,
20170913,-0.0625,1034237.09,0.7,,923284.36,
20170914,0.0714,1108044.64,0.7,,1026876.86,
20170915,0.0491,1162419.14,0.7,,1106107.75,
20170918,-0.0653,1086551.59,0.7,,992605.29,
20170919,0.0022,1088909.44,0.7,,996036.87,
20170920,-0.0196,1067513.22,0.7,,965358.93,
20170921,-0.0083,1058695.76,0.7,,952767.89,
20170922,-0.0006,1058043.04,0.7,,951869.57,
20170925,-0.0121,1045235.03,0.7,,933770.45,
20170926,-0.0219,1022368.24,0.7,,901635.41,
20170927,-0.0316,990026.42,0.7,,856862.77,
20170928,0.0109,1000796.01,0.7,,871539.6,
20170929,-0.0187,982065.63,0.7,,845928.79,
20171002,-0.0385,944225.8,0.7,,794750.1,
20171003,0.0008,944976.64,0.7,,795749.21,
20171004,-0.0189,927083.44,0.7,,772115.46,
20171005,-0.0212,907473.58,0.7,,746392.99,
20171006,-0.0013,906336.29,0.7,,744868.21,
20171009,-0.0102,897055.86,0.7,,732929.04,
20171010,-0.0217,877614.23,0.7,,707936.16,
20171011,0.01,886405.37,0.7,,719060.87,
20171012,-0.0064,880732.04,0.7,,711829.17,
20171013,-0.0029,878157.94,0.7,,708585.26,
20171016,-0.0229,858054.93,0.7,,683086.32,
20171017,-0.0149,845266.98,0.35,,651098.36,
20171018,0.0097,853480.01,0.35,,670947.56,
20171019,-0.0313,826724.91,0.35,,604945.49,
20171020,0.0031,829273.16,0.35,,610839.39,
20171023,-0.0018,827799.65,0.35,,607383.78,
20171024,-0.0001,827751.23,0.35,,607192.89,
20171025,-0.0076,821451.96,0.35,,592689.65,
20171026,0.0049,825488.54,0.35,,601817.07,
20171027,-0.002,823872.6,0.35,,598034.22,
20171030,-0.0163,810437.6,0.35,,567397.78,
20171031,0.0226,828753.46,0.35,,607699.24,
20171101,-0.0006,828245.14,0.35,,606553.29,
20171102,-0.0174,813828.79,0.35,,573383.49,
20171103,0.0081,820395.82,0.35,,587980.2,
20171106,-0.0025,818333.35,0.35,,583360.35,
20171107,0.0009,819086.41,0.35,,585010.43,
20171108,-0.0099,811014.76,0.35,,566808.25,
20171109,-0.0147,799110.13,0.35,,540621.71,
20171110,-0.0143,787656.26,0.35,,516324.62,
20171113,-0.003,785298.34,0.35,,511456.42,
20171114,-0.013,775121.34,0.35,,490559.77,
20171115,-0.0142,764110.02,0.35,,468666.79,
20171116,0.0016,765333.47,0.35,,471023.51,
20171117,0.0177,778866.16,0.35,,497225.88,
20171120,-0.0092,771665.98,0.35,,482848.95,
20171121,-0.0012,770710.84,0.35,,481027.92,
20171122,0.0337,796720.69,0.35,,531975.65,
20171123,0,796720.69,0.35,,531975.65,
20171124,0.0257,817210.18,0.35,,574944.08,
20171127,-0.0249,796837.26,0.35,,529950.6,
20171128,-0.0378,766677.01,0.35,,466992.47,
20171129,-0.0234,748772.18,0.35,,432648.51,
20171130,0.0138,759138.9,0.35,,451413.09,
20171201,-0.0121,749917.81,0.35,,434246.5,
20171204,-0.0214,733835.33,0.35,,405040.32,
20171205,0.0107,741654.28,0.35,,418661.24,
20171206,-0.0317,718127.21,0.35,,376950.62,
20171207,0.0417,748064.86,0.35,,426352.69,
20171208,-0.0051,744228.38,0.35,,419518.87,
20171211,0.0044,747524.86,0.35,,425320.22,
20171212,0.0142,758111.87,0.35,,444301.65,
20171213,-0.0035,755439.81,0.35,,439414.33,
20171214,0.0187,769559.43,0.35,,465239.34,
20171215,0.003,771857.52,0.35,,469625.88,
20171218,-0.0189,757275.42,0.35,,441730.1,
20171219,0.0008,757888.5,0.35,,442840.74,
20171220,0.0095,765113.68,0.35,,456062.7,
20171221,0.0304,788349.74,0.35,,499636.23,
20171222,-0.0022,786613.68,0.35,,496181.6,
20171225,0,786613.68,0.35,,496181.6,
20171226,0.0044,790100.04,0.35,,503043.09,
20171227,-0.0064,785026.02,0.35,,492924.74,
20171228,0.0011,785899.91,0.35,,494628.85,
20171229,0.0091,793070.61,0.35,,508775.23,
20180101,0,793070.61,0.35,,508775.23,
20180102,-0.0025,791070.47,0.35,,504777.71,
20180103,-0.0016,789811.17,0.35,,502239.4,
20180104,0.0255,809931.74,0.35,,542490.3,
20180105,-0.0127,799662.96,0.35,,520837.19,
20180108,0.0024,801575.59,0.35,,524765.79,
20180109,-0.002,799995.69,0.35,,521467.26,
20180110,0.0221,817648.2,0.35,,557686.89,
20180111,0.0236,836930.84,0.35,,599051.32,
20180112,0.0358,866922.43,0.35,,666453.15,
20180115,0,866922.43,0.35,,666453.15,
20180116,0.0207,884845.46,0.35,,709810.69,
20180117,0.0053,889506.64,0.35,,721634.11,
20180118,0.002,891272.24,0.35,,726170.09,
20180119,0.0049,895672.02,0.35,,737353.11,
20180122,0.013,907336.12,0.35,,767479.25,
20180123,0.0155,921368.27,0.35,,804866.46,
20180124,0.0674,983438.24,0.35,,975360.17,
20180125,-0.0125,971131.43,0.35,,937042.45,
20180126,-0.0007,970492.82,0.35,,934980.96,
20180129,-0.027,944301.51,0.35,,855641.14,
20180130,0.0033,947444.74,0.35,,864515.36,
20180131,0.0002,947618.42,0.35,,865058.77,
20180201,0.0161,962832,0.35,,908830.75,
20180202,-0.0207,942949.42,0.35,,849704.82,
20180205,-0.0233,920953.34,0.35,,787482.15,
20180206,-0.0165,905758.72,0.35,,746645.57,
20180207,-0.0041,902033.44,0.35,,737024.51,
20180208,0.0188,918998.01,0.35,,780572.13,
20180209,-0.0098,909964.06,0.35,,756530.51,
20180212,0.0035,913185.02,0.35,,764852.34,
20180213,0.0132,925272.97,0.35,,796582.79,
20180214,0.0361,958671.9,0.35,,886960.8,
20180215,0.0124,970595.74,0.35,,921526.93,
20180216,0.0018,972354.72,0.35,,926740.14,
20180219,0,972354.72,0.35,,926740.14,
20180220,-0.023,950012.39,0.35,,859750.06,
20180221,0.006,955676.17,0.35,,875962.49,
20180222,0.0004,956058.4,0.35,,877063.7,
20180223,-0.0058,950511.15,0.35,,861076.09,
20180226,-0.0066,944259.14,0.35,,843214.91,
20180227,-0.0008,943511.55,0.35,,841094.82,
20180228,-0.0092,934820.62,0.35,,816775.17,
20180301,-0.0166,919320.43,0.35,,774162.84,
20180302,0.0215,939106.49,0.35,,826474.13,
20180305,0.0092,947726.61,0.35,,850371.04,
20180306,-0.0067,941347.36,0.35,,832464.65,
20180307,0.0046,945636.73,0.35,,844499.71,
20180308,-0.0049,941011.87,0.35,,831494.42,
20180309,-0.0078,933638.95,0.35,,811110.93,
20180312,0.0004,933993.81,0.35,,812130.61,
20180313,-0.0155,919510.9,0.35,,772568.25,
20180314,0.0021,921425.57,0.35,,777667.2,
20180315,0.0043,925379.76,0.35,,788176.81,
20180316,0.0085,933223.43,0.35,,809232.39,
20180319,-0.017,917336.87,0.35,,765996.26,
20180320,0.0015,918674.74,0.35,,769607.39,
20180321,0.015,932427.96,0.35,,805888.88,
20180322,-0.0086,924425.73,0.35,,784106.86,
20180323,0.0361,957805.61,0.35,,873069.38,
20180326,-0.0086,949536.58,0.35,,849471.56,
20180327,-0.0299,921152.2,0.35,,769645.5,
20180328,-0.0185,904069.97,0.35,,724896.12,
20180329,-0.0116,893553.78,0.35,,698468.47,
20180330,0,893553.78,0.35,,698468.47,
20180402,0.0018,895167.57,0.35,,702419.81,
20180403,-0.0121,884379.51,0.35,,675707.79,
20180404,-0.0045,880434.6,0.35,,666151.35,
20180405,-0.0099,871749.24,0.35,,645424.53,
20180406,0.0019,873389.39,0.35,,649278.63,
20180409,-0.0036,870215.06,0.35,,641932.51,
20180410,0.0063,875703.35,0.35,,654642.77,
20180411,-0.0017,874216.14,0.35,,651145.11,
20180412,-0.0018,872681.48,0.35,,647461.49,
20180413,0.0015,873995.64,0.35,,650513.81,
20180416,0.0144,886549.12,0.35,,679954.2,
20180417,0.0005,886955.56,0.35,,681022.7,
20180418,-0.0069,880875.85,0.35,,666254.24,
20180419,0.0073,887312.4,0.35,,681540.02,
20180420,-0.0012,886283.65,0.35,,678969.64,
20180423,0.0025,888459.22,0.35,,684304.4,
20180424,-0.0045,884423.28,0.35,,674626.38,
20180425,0.0244,906040.5,0.35,,726360.58,
20180426,-0.0096,897314.4,0.35,,704445.25,
20180427,-0.0337,867075.8,0.35,,629834.43,
20180430,-0.0057,862146.99,0.35,,618551.4,
20180501,0.0082,869244.75,0.35,,634492.35,
20180502,-0.0039,865885.32,0.35,,626715.29,
20180503,-0.0078,859133.06,0.35,,611351.81,
20180504,0.004,862572.96,0.35,,619037.38,
20180507,0.0015,863902.57,0.35,,621955.69,
20180508,-0.0087,856363.88,0.35,,604949.65,
20180509,0.0042,859975.61,0.35,,612934.98,
20180510,-0.0132,848595.89,0.35,,587506.94,
20180511,-0.0044,844867.92,0.35,,579382.56,
20180514,0.009,852436.69,0.35,,595770.81,
20180515,0.0337,881173.55,0.35,,658871.45,
20180516,-0.0018,879590.78,0.35,,655144.12,
20180517,0.0057,884647.79,0.35,,666880.55,
20180518,-0.013,873128.64,0.35,,639633.72,
20180521,-0.0049,868834.19,0.35,,629783.36,
20180522,0.0089,876596.22,0.35,,647399.3,
20180523,-0.0176,861174.02,0.35,,611588.87,
20180524,-0.0117,851103.83,0.35,,589099.88,
20180525,-0.0041,847636.88,0.35,,581508.9,
20180528,0,847636.88,0.35,,581508.9,
20180529,-0.0176,832679.02,0.35,,549343.15,
20180530,-0.0065,827261.58,0.35,,538120.86,
20180531,0.012,837169.63,0.35,,558415.7,
20180601,-0.0045,833395.99,0.35,,550518.11,
20180604,-0.0112,824020.86,0.35,,531139.87,
20180605,-0.0123,813916.51,0.35,,510607.52,
20180606,0.0003,814165.4,0.35,,511088.95,
20180607,0.0017,815564.36,0.35,,513819.63,
20180608,-0.0115,806185.54,0.35,,495248.72,
20180611,0.0072,812013.69,0.35,,506455.49,
20180612,0.0049,816024.21,0.35,,514254.9,
20180613,0.0054,820446.66,0.35,,522982.54,
20180614,-0.0027,818236.29,0.35,,518544.66,
20180615,0.0185,833358.51,0.35,,548694.33,
20180618,-0.0161,819930.76,0.35,,520930.4,
20180619,-0.0007,819382.92,0.35,,519784.35,
20180620,0.0058,824174.5,0.35,,529259.28,
20180621,0.005,828333.29,0.35,,537576.21,
20180622,-0.0039,825114.98,0.35,,530987.06,
20180625,0.0034,827921.87,0.35,,536661.03,
20180626,0.0042,831421.71,0.35,,543744.96,
20180627,0.022,849680.3,0.35,,581341.04,
20180628,0.0003,849917.94,0.35,,581889.16,
20180629,-0.0074,843601.18,0.35,,568356.08,
20180702,0.0262,865698.47,0.35,,615156.15,
20180703,-0.0048,861528.36,0.35,,605876.08,
20180704,0,861528.36,0.35,,605876.08,
20180705,0.0162,875495.22,0.35,,636723.82,
20180706,-0.0245,854075.52,0.35,,587696.09,
20180709,-0.0065,848501.28,0.35,,575690.3,
20180710,0.0114,858171.33,0.35,,596316.46,
20180711,0.0456,897266.09,0.35,,681777.13,
20180712,0.0116,907654.16,0.35,,706632.77,
20180713,0.0189,924811.29,0.35,,748606.76,
20180716,-0.0138,912026.12,0.35,,716138.62,
20180717,0.0337,942747.06,0.35,,791987.92,
20180718,0.0097,951935.72,0.35,,816132.24,
20180719,-0.0054,946779.71,0.35,,802281.31,
20180720,-0.0436,905483.85,0.35,,692345.85,
20180723,0.0159,919857.61,0.35,,726943.36,
20180724,-0.0138,907148.91,0.35,,695414.79,
20180725,-0.0234,885946.89,0.35,,644272,
20180726,0.0198,903445.43,0.35,,684364.13,
20180727,-0.0119,892719.75,0.35,,658768.91,
20180730,-0.0001,892642.75,0.35,,658561.87,
20180731,-0.0006,892084.16,0.35,,657320.01,
20180801,0.0157,906095.15,0.35,,689754.05,
20180802,0.0167,921221.42,0.35,,725956.29,
20180803,-0.0127,909497.47,0.35,,696980.26,
20180806,0.0096,918246.34,0.35,,718009.15,
20180807,0.0058,923604.92,0.35,,731097.43,
20180808,0.0044,927674.96,0.35,,741207.46,
20180809,0.0039,931315.89,0.35,,750292.55,
20180810,0.0132,943588.84,0.35,,781418.97,
20180813,0.0163,958968.5,0.35,,821449.95,
20180814,0.0077,966327.13,0.35,,841329.04,
20180815,0.0201,985736.26,0.35,,894477,
20180816,-0.0077,978099.92,0.35,,872830.65,
20180817,0.0003,978351.69,0.35,,873653.61,
20180820,-0.0008,977604.18,0.35,,871456.99,
20180821,-0.0035,974202.07,0.35,,861870.97,
20180822,0.0102,984106.58,0.35,,889500.09,
20180823,0.018,1001842.45,0.35,,939820.38,
20180824,-0.0204,981421.32,0.35,,879564.47,
20180827,-0.0129,968804.39,0.35,,843904.41,
20180828,0.0054,974052.29,0.35,,858226.67,
20180829,0.0151,988746.41,0.35,,898955.66,
20180830,-0.0064,982467.49,0.35,,880873.81,
20180831,-0.0063,976258.62,0.35,,863432.51,
20180903,0,976258.62,0.35,,863432.51,
20180904,0.007,983125.95,0.35,,882428.02,
20180905,-0.0151,968275.16,0.35,,840550.51,
20180906,-0.0125,956178.1,0.35,,807528.88,
20180907,0.0053,961250.06,0.35,,820980,
20180910,-0.0036,957755.76,0.35,,811691.2,
20180911,0.0118,969050.85,0.35,,841793.35,
20180912,-0.0123,957146.53,0.35,,809252.02,
20180913,-0.0096,947998.72,0.35,,784835.74,
20180914,0.0134,960658.63,0.35,,817888.53,
20180917,-0.0028,957930.9,0.35,,810691.11,
20180918,0.0218,978843.01,0.35,,866235.03,
20180919,0.0083,986946.88,0.35,,888831.39,
20180920,-0.0126,974516.56,0.35,,853633.67,
20180921,0.0017,976154.8,0.35,,858194.51,
20180924,0.0226,998256.85,0.35,,919150.84,
20180925,0.0197,1017899.35,0.35,,976059.41,
20180926,-0.033,984350.05,0.35,,874828.11,
20180927,0.0291,1013004.18,0.35,,954837.39,
20180928,-0.0106,1002256.77,0.35,,923027.66,
20181001,0.0515,1053834.79,0.35,,1072426.28,
20181002,-0.0143,1038718.16,0.35,,1024228.38,
20181003,0.0599,1100964.21,0.35,,1217046.69,
20181004,-0.0229,1075720.93,0.35,,1129454.1,
20181005,-0.0023,1073288.44,0.35,,1121289.76,
20181008,0.0126,1086776.11,0.35,,1165692.83,
20181009,-0.0027,1083869.52,0.35,,1155801.1,
20181010,-0.0076,1075674.91,0.35,,1128193.96,
20181011,-0.0532,1018437.47,0.35,,939559.93,
20181012,-0.0113,1006950.14,0.35,,906192.13,
20181015,0.0155,1022545.73,0.35,,950336.64,
20181016,0.0011,1023704.5,0.35,,953622.08,
20181017,0.0117,1035653.43,0.35,,988688.13,
20181018,-0.0227,1012178.01,0.35,,918152.3,
20181019,0.015,1027402.37,0.35,,961436.62,
20181022,-0.0146,1012415.48,0.35,,917320.41,
20181023,-0.003,1009419.82,0.35,,908671.39,
20181024,-0.0084,1000892.18,0.35,,884682.47,
20181025,0.0152,1016097.59,0.35,,926945.01,
20181026,-0.0314,984186.76,0.35,,835468.78,
20181029,-0.0117,972683.82,0.35,,804747.4,
20181030,0.0173,989513.12,0.35,,848502.67,
20181031,0.0164,1005728.02,0.35,,892236.92,
20181101,-0.0203,985281.55,0.35,,835312.2,
20181102,0.013,998100.74,0.35,,869440.67,
20181105,0.0318,1029816.31,0.35,,956335.06,
20181106,0.0032,1033070.36,0.35,,965953.06,
20181107,0.0016,1034764.24,0.35,,970810.42,
20181108,0.0133,1048524.29,0.35,,1011390.29,
20181109,0.0096,1058559.46,0.35,,1041905.38,
20181112,0.0063,1065276.13,0.35,,1062535.11,
20181113,0.0349,1102429.89,0.35,,1179080.03,
20181114,0.0246,1129497.18,0.35,,1270239.76,
20181115,-0.0242,1102194.97,0.35,,1173628.96,
20181116,-0.0069,1094590.67,0.35,,1148177.98,
20181119,0.0076,1102949.23,0.35,,1175603.03,
20181120,0.0121,1116276.53,0.35,,1220309.53,
20181121,-0.015,1099506.62,0.35,,1162780.65,
20181122,0,1099506.62,0.35,,1162780.65,
20181123,-0.002,1097352.07,0.35,,1155471.75,
20181126,0.0068,1104793.41,0.35,,1180165.83,
20181127,0.0068,1112309.39,0.35,,1205387.66,
20181128,0.0044,1117183.88,0.35,,1222056.45,
20181129,-0.003,1113847.23,0.35,,1210534.2,
20181130,0.0057,1120243.19,0.35,,1232220.06,
20181203,-0.0167,1101483.63,0.35,,1167546.11,
20181204,0.0083,1110663.55,0.35,,1198002.38,
20181205,0.0038,1114939.03,0.35,,1212309.95,
20181206,0.0108,1126998.51,0.35,,1253459.21,
20181207,-0.0055,1120750.33,0.35,,1231792.28,
20181210,0.014,1136413.61,0.35,,1285991.14,
20181211,-0.0127,1121980.45,0.35,,1234661.72,
20181212,-0.0163,1103731.14,0.35,,1171411.76,
20181213,-0.0015,1102050.58,0.35,,1165889.39,
20181214,-0.0036,1098053.45,0.35,,1152698.19,
20181217,0.004,1102459.75,0.35,,1167189.25,
20181218,0.0258,1130912.88,0.35,,1261831.62,
20181219,-0.0021,1128567.16,0.35,,1253503.54,
20181220,0.0069,1136312.3,0.35,,1280686.66,
20181221,0.005,1142000.95,0.35,,1300811.73,
20181224,0.0289,1175044.36,0.35,,1418962.6,
20181225,0,1175044.36,0.35,,1418962.6,
20181226,-0.0267,1143699.61,0.35,,1299891.37,
20181227,0.0297,1177638.87,0.35,,1421226.94,
20181228,-0.0038,1173165.79,0.35,,1404253.43,
20181231,0.0164,1192435.96,0.35,,1476632.67,
20190101,0,1192435.96,0.35,,1476632.67,
20190102,0.0085,1202556.42,0.35,,1516079.85,
20190103,0.0344,1243971.35,0.35,,1679989.74,
20190104,-0.0458,1187022.14,0.35,,1438167.22,
20190107,-0.0221,1160810.92,0.35,,1338276.23,
20190108,-0.0091,1150297.52,0.35,,1300001.53,
20190109,-0.0091,1139774.58,0.35,,1262821.49,
20190110,-0.0055,1133499.2,0.35,,1240992.72,
20190111,0.0066,1140942.68,0.35,,1266734.45,
20190114,0.0027,1144012.61,0.35,,1277483.6,
20190115,-0.0065,1136526.15,0.35,,1251386.44,
20190116,-0.0058,1129953.65,0.35,,1228575.45,
20190117,-0.0074,1121560.33,0.35,,1200002.29,
20190118,-0.0133,1106597.72,0.35,,1149842.2,
20190121,0,1106597.72,0.35,,1149842.2,
20190122,0.0085,1115961.9,0.35,,1180559.41,
20190123,-0.0042,1111303.24,0.35,,1164976.03,
20190124,0.0001,1111413.82,0.35,,1165342.16,
20190125,-0.0066,1104087.33,0.35,,1141169.64,
20190128,0.0081,1112998.84,0.35,,1170220.55,
20190129,0.0027,1115960.82,0.35,,1180150.71,
20190130,-0.0047,1110663.68,0.35,,1162718.2,
20190131,0.0027,1113690.88,0.35,,1172584.69,
20190201,-0.0208,1090475.52,0.35,,1095931.16,
20190204,-0.0057,1084257.36,0.35,,1076298.33,
20190205,0.0026,1087048.51,0.35,,1085093.23,
20190206,-0.0006,1086344.01,0.35,,1083047.05,
20190207,-0.0014,1084847.97,0.35,,1078281.65,
20190208,0.0027,1087822.35,0.35,,1087431.64,
20190211,-0.002,1085681.01,0.35,,1080596.35,
20190212,-0.0113,1073384.95,0.35,,1042219.74,
20190213,-0.002,1071207.39,0.35,,1035668.65,
20190214,0.0034,1074821.79,0.35,,1046735.51,
20190215,0.0034,1078519.4,0.35,,1057920.62,
20190218,0,1078519.4,0.35,,1057920.62,
20190219,0.0298,1110665.84,0.35,,1157002.45,
20190220,0.0139,1126119.12,0.35,,1207546.93,
20190221,-0.0246,1098456.47,0.35,,1114186.3,
20190222,0.0016,1100244.51,0.35,,1119789.06,
20190225,0.0237,1126366.19,0.35,,1203197.35,
20190226,0.0035,1130342.33,0.35,,1216432.52,
20190227,-0.0106,1118319.7,0.35,,1175907.94,
20190228,0.0066,1125702.13,0.35,,1200299.63,
20190301,-0.0021,1123334.6,0.35,,1192377.65,
20190304,-0.0079,1114460.24,0.35,,1162772.62,
20190305,-0.0114,1101779.91,0.35,,1121112.14,
20190306,0.0273,1131846.02,0.35,,1217303.56,
20190307,0.02,1154444.64,0.35,,1293819.78,
20190308,0.0052,1160443.25,0.35,,1314964.5,
20190311,0.0154,1178337.93,0.35,,1378608.78,
20190312,-0.0311,1141645.32,0.35,,1243859.62,
20190313,0.0021,1144024.22,0.35,,1252069.09,
20190314,-0.0039,1139555.86,0.35,,1236722.3,
20190315,-0.0161,1121208.63,0.35,,1174144.15,
20190318,0.0078,1129940.5,0.35,,1202927.46,
20190319,-0.0032,1126329.33,0.35,,1190829.44,
20190320,0.0077,1134949.96,0.35,,1219647.52,
20190321,-0.0116,1121815.93,0.35,,1175182.65,
20190322,0.0088,1131633.01,0.35,,1207684.85,
20190325,-0.0045,1126513.58,0.35,,1190604.73,
20190326,-0.0018,1124484.59,0.35,,1183869.31,
20190327,0.0133,1139485.36,0.35,,1233355.05,
20190328,-0.0022,1137022.89,0.35,,1224827.28,
20190329,0.0146,1153651.63,0.35,,1281029.35,
20190401,-0.033,1115539.78,0.35,,1148168.31,
20190402,0.0001,1115634.99,0.35,,1148529.16,
20190403,-0.0045,1110662.32,0.35,,1132285.68,
20190404,-0.0034,1106838.06,0.35,,1120186.4,
20190405,0.0035,1110703.49,0.35,,1132508.45,
20190408,-0.0049,1105313.07,0.35,,1115067.82,
20190409,-0.0012,1103991.36,0.35,,1110862.42,
20190410,0.0049,1109414.93,0.35,,1127969.7,
20190411,-0.0089,1099566.62,0.35,,1096418.78,
20190412,-0.0038,1095385.8,0.35,,1083324.4,
20190415,0.008,1104194.03,0.35,,1110562.27,
20190416,0.0137,1119275.92,0.35,,1158379.91,
20190417,0.0138,1134740.79,0.35,,1208620.5,
20190418,0.0048,1140151.39,0.35,,1226853.41,
20190419,0,1140151.39,0.35,,1226853.41,
20190422,0.0039,1144607.49,0.35,,1241891.13,
20190423,0.0221,1169915.78,0.35,,1328149.34,
20190424,0.0261,1200401.48,0.35,,1437095.53,
20190425,-0.024,1171600.89,0.35,,1328697.47,
20190426,-0.0023,1168910.92,0.35,,1319092.88,
20190429,0.0013,1170387,0.35,,1324482.32,
20190430,0.0026,1173451.43,0.35,,1335305.23,
20190501,-0.0051,1167421.06,0.35,,1313902.19,
20190502,-0.0018,1165262.87,0.35,,1306469.26,
20190503,0.0055,1171615.9,0.35,,1329052.52,
20190506,0.0087,1181793.38,0.35,,1365392.61,
20190507,0.0053,1188050.31,0.35,,1388136.15,
20190508,-0.0017,1185984.53,0.35,,1380719.54,
20190509,0.0218,1211810.69,0.35,,1475318.55,
20190510,-0.0028,1208465.91,0.35,,1462335.75,
20190513,0.0134,1224684.14,0.35,,1523920.97,
20190514,-0.0317,1185874.99,0.35,,1372094.9,
20190515,0.0043,1190952.73,0.35,,1390637.78,
20190516,-0.0287,1156731.65,0.35,,1265202.26,
20190517,0.0069,1164695.85,0.35,,1292639.07,
20190520,-0.0141,1148296.77,0.35,,1235356.69,
20190521,-0.0191,1126369.23,0.35,,1161200,
20190522,0.0015,1128061.61,0.35,,1166674.22,
20190523,0.0376,1170436.06,0.35,,1304541.78,
20190524,-0.0201,1146880.28,0.35,,1222132.02,
20190527,0,1146880.28,0.35,,1222132.02,
20190528,0.0091,1157274.81,0.35,,1257084.99,
20190529,0.006,1164175.45,0.35,,1280790.02,
20190530,0.0109,1176814.18,0.35,,1324666.23,
20190531,0.0304,1212625.49,0.35,,1451228.63,
20190603,0.0109,1225796.08,0.35,,1500943.57,
20190604,-0.0158,1206413.29,0.35,,1426411,
20190605,0.0044,1211714.21,0.35,,1446136.23,
20190606,-0.0079,1202164.85,0.35,,1410230.73,
20190607,0.0113,1215800.9,0.35,,1460314.07,
20190610,-0.0138,1198999.59,0.35,,1396978.16,
20190611,-0.0033,1195018.53,0.35,,1382489.5,
20190612,0.0081,1204722.18,0.35,,1417683.74,
20190613,0.0011,1206089.59,0.35,,1422584.87,
20190614,0.0025,1209107.62,0.35,,1433762.32,
20190617,0.0053,1215546.1,0.35,,1457644.71,
20190618,-0.0114,1201677.48,0.35,,1405419.38,
20190619,0.0095,1213119.82,0.35,,1447381.19,
20190620,0.0106,1225957.23,0.35,,1495599.66,
20190621,-0.0172,1204881.01,0.35,,1414751.81,
20190624,0.0075,1213970.36,0.35,,1448099.54,
20190625,0.0087,1224564.04,0.35,,1487694.71,
20190626,-0.0267,1191862.97,0.35,,1362855.87,
20190627,0.0083,1201711.63,0.35,,1398406.94,
20190628,-0.0026,1198576.03,0.35,,1386979.96,
20190701,-0.0184,1176540.47,0.35,,1306772.89,
20190702,0.0188,1198649.42,0.35,,1383984.5,
20190703,0.0064,1206370.8,0.35,,1411822.36,
20190704,0,1206370.8,0.35,,1411822.36,
20190705,-0.0229,1178703.24,0.35,,1310211.49,
20190708,0.0022,1181254.74,0.35,,1319270.67,
20190709,0.0006,1181940.7,0.35,,1321758.43,
20190710,-0.0045,1176645.56,0.35,,1303064.99,
20190711,-0.0093,1165691.3,0.35,,1264978.26,
20190712,0.0057,1172370.78,0.35,,1287639.45,
20190715,0.0017,1174325.52,0.35,,1294519.12,
20190716,-0.0002,1174096.73,0.35,,1293705.42,
20190717,0.0087,1184355.76,0.35,,1329079.02,
20190718,0.0048,1190022.13,0.35,,1349129.13,
20190719,-0.0153,1171869.3,0.35,,1284255.29,
20190722,-0.0033,1167987.15,0.35,,1270935.73,
20190723,-0.0212,1143242.78,0.35,,1186255.1,
20190724,-0.0032,1139570.16,0.35,,1174324.76,
20190725,-0.0043,1134711.54,0.35,,1158454.6,
20190726,0.0041,1139386.22,0.35,,1173382.12,
20190729,0.0129,1154085.36,0.35,,1220954.38,
20190730,0.0009,1155163.11,0.35,,1224407.94,
20190731,0.0007,1155960.28,0.35,,1227101.63,
20190801,0.0275,1187718.23,0.35,,1333158.28,
20190802,0.0186,1209756.89,0.35,,1411090.9,
20190805,0.0422,1260835.74,0.35,,1598241.87,
20190806,-0.0029,1257124.16,0.35,,1583675.04,
20190807,0.037,1303651.7,0.35,,1767833.82,
20190808,-0.0214,1275796.57,0.35,,1648934.37,
20190809,-0.008,1265591.18,0.35,,1607475.45,
20190812,0.0354,1310339.71,0.35,,1786318.57,
20190813,-0.0448,1251627.58,0.35,,1534804.92,
20190814,0.0411,1303016.18,0.35,,1733057.86,
20190815,-0.0023,1299995.09,0.35,,1720530.33,
20190816,-0.0102,1286715.29,0.35,,1665375.04,
20190819,-0.0053,1279833.89,0.35,,1637634.65,
20190820,0.0126,1295944.54,0.35,,1702484.98,
20190821,-0.0045,1290145.17,0.35,,1678406.98,
20190822,-0.0091,1278393.65,0.35,,1630404.54,
20190823,0.0328,1320364.32,0.35,,1798475.96,
20190826,-0.0192,1294990.77,0.35,,1689950.78,
20190827,0.0126,1311270.38,0.35,,1756872.83,
20190828,-0.0072,1301862.25,0.35,,1717117.31,
20190829,-0.0104,1288258.27,0.35,,1660992.1,
20190830,0.0083,1298910.85,0.35,,1704320.27,
