Date,P&L,USD Index,Trend Index,signal,daily index P&L
02/01/2013,,79.948,,,
03/01/2013,,80.515,,,
04/01/2013,,80.61,,,
07/01/2013,,80.369,,,
08/01/2013,,80.445,,,
09/01/2013,,80.677,,,
10/01/2013,,79.817,,,
11/01/2013,,79.611,,,
14/01/2013,,79.54,,,
15/01/2013,,79.832,,,
16/01/2013,,79.854,,,
17/01/2013,,79.711,,,
18/01/2013,,80.116,,,
21/01/2013,,80.116,,,
22/01/2013,,79.973,,,
23/01/2013,,79.99,,,
24/01/2013,,80.007,,,
25/01/2013,,79.82,,,
28/01/2013,,79.868,,,
29/01/2013,,79.624,,,
30/01/2013,,79.326,,,
31/01/2013,,79.226,,,
01/02/2013,,79.135,,,
04/02/2013,,79.573,,,
05/02/2013,,79.533,,,
06/02/2013,,79.767,,,
07/02/2013,,80.257,,,
08/02/2013,,80.316,,,
11/02/2013,,80.389,,,
12/02/2013,,80.163,,,
13/02/2013,,80.167,,,
14/02/2013,,80.538,,,
15/02/2013,,80.576,,,
18/02/2013,,80.576,,,
19/02/2013,,80.545,,,
20/02/2013,,81.155,,,
21/02/2013,,81.551,,,
22/02/2013,,81.585,,,
25/02/2013,,81.777,,,
26/02/2013,,81.94,,,
27/02/2013,,81.672,,,
28/02/2013,,82.003,,,
01/03/2013,,82.358,,,
04/03/2013,,82.255,,,
05/03/2013,,82.147,,,
06/03/2013,,82.507,,,
07/03/2013,,82.123,,,
08/03/2013,,82.731,,,
11/03/2013,,82.58,,,
12/03/2013,,82.595,,,
13/03/2013,,82.902,,,
14/03/2013,,82.623,,,
15/03/2013,,82.256,,,
18/03/2013,,82.574,,,
19/03/2013,,82.574,,,
20/03/2013,,82.574,,,
21/03/2013,,82.905,,,
22/03/2013,,82.529,,,
25/03/2013,,82.995,,,
26/03/2013,,83.048,,,
27/03/2013,,83.411,,,
28/03/2013,,83.175,,,
01/04/2013,,82.899,,,
02/04/2013,,83.092,,,
03/04/2013,,82.861,,,
04/04/2013,,82.795,,,
05/04/2013,,82.603,,,
08/04/2013,,82.869,,,
09/04/2013,,82.414,,,
10/04/2013,,82.634,,,
11/04/2013,,82.325,,,
12/04/2013,,82.406,,,
15/04/2013,,82.507,,,
16/04/2013,,81.823,,,
17/04/2013,,82.791,,,
18/04/2013,,82.681,,,
19/04/2013,,82.846,,,
22/04/2013,,82.824,,,
23/04/2013,,83.186,,,
24/04/2013,,83.026,,,
25/04/2013,,82.84,,,
26/04/2013,,82.571,,,
29/04/2013,,82.202,,,
30/04/2013,,81.807,,,
01/05/2013,,81.522,,,
02/05/2013,,82.282,,,
03/05/2013,,82.195,,,
06/05/2013,,82.378,,,
07/05/2013,,82.335,,,
08/05/2013,,81.951,,,
09/05/2013,,82.875,,,
10/05/2013,,83.231,,,
13/05/2013,,83.365,,,
14/05/2013,,83.713,,,
15/05/2013,,83.961,,,
16/05/2013,,83.722,,,
17/05/2013,,84.387,,,
20/05/2013,,83.842,,,
21/05/2013,,83.955,,,
22/05/2013,,84.459,,,
23/05/2013,,83.803,,,
24/05/2013,,83.758,,,
27/05/2013,,83.758,,,
28/05/2013,,84.172,,,
29/05/2013,,83.705,,,
30/05/2013,,83.067,,,
31/05/2013,,83.401,,,
03/06/2013,,82.688,,,
04/06/2013,,82.802,,,
05/06/2013,,82.612,,,
06/06/2013,,81.537,,,
07/06/2013,,81.66,,,
10/06/2013,,81.651,,,
11/06/2013,,81.11,,,
12/06/2013,,80.946,,,
13/06/2013,,80.742,,,
14/06/2013,,80.65,,,
17/06/2013,,80.733,,,
20/06/2013,,82.096,,,
21/06/2013,,82.517,,,
24/06/2013,,82.633,,,
25/06/2013,,82.8,,,
26/06/2013,,83.228,,,
27/06/2013,,83.152,,,
28/06/2013,,83.376,,,
01/07/2013,,83.253,,,
02/07/2013,,83.764,,,
03/07/2013,,83.451,,,
04/07/2013,,83.451,,,
05/07/2013,,84.689,,,
08/07/2013,,84.414,,,
09/07/2013,,84.781,,,
10/07/2013,,84.234,,,
11/07/2013,,82.915,,,
12/07/2013,,83.163,,,
15/07/2013,,83.196,,,
16/07/2013,,82.637,,,
17/07/2013,,82.84,,,
18/07/2013,,82.955,,,
19/07/2013,,82.711,,,
22/07/2013,,82.317,,,
23/07/2013,,82.04,,,
24/07/2013,,82.4,,,
25/07/2013,,82.053,,,
26/07/2013,,81.764,,,
29/07/2013,,81.763,,,
30/07/2013,,81.919,,,
31/07/2013,,81.539,,,
01/08/2013,,82.427,,,
02/08/2013,,81.978,,,
05/08/2013,,81.936,,,
06/08/2013,,81.658,,,
07/08/2013,,81.323,,,
08/08/2013,,81.027,,,
09/08/2013,,81.17,,,
12/08/2013,,81.374,,,
13/08/2013,,81.815,,,
14/08/2013,,81.758,,,
15/08/2013,,81.207,,,
16/08/2013,,81.293,,,
19/08/2013,,81.26,,,
20/08/2013,,80.934,,,
21/08/2013,,81.223,,,
22/08/2013,,81.531,,,
23/08/2013,,81.392,,,
26/08/2013,,81.441,,,
27/08/2013,,81.2,,,
28/08/2013,,81.465,,,
29/08/2013,,82.003,,,
30/08/2013,,82.142,,,
02/09/2013,,82.142,,,
03/09/2013,,82.401,,,
04/09/2013,,82.205,,,
05/09/2013,,82.668,,,
06/09/2013,,82.167,,,
09/09/2013,,81.796,,,
10/09/2013,,81.819,,,
11/09/2013,,81.522,,,
12/09/2013,,81.491,,,
13/09/2013,,81.448,,,
16/09/2013,,81.072,,,
18/09/2013,,80.367,,,
19/09/2013,,80.48,,,
20/09/2013,,80.549,,,
23/09/2013,,80.571,,,
24/09/2013,,80.69,,,
25/09/2013,,80.443,,,
26/09/2013,,80.638,,,
27/09/2013,,80.377,,,
30/09/2013,,80.323,,,
01/10/2013,,80.25,,,
02/10/2013,,79.989,,,
03/10/2013,,79.846,,,
04/10/2013,,80.22,,,
07/10/2013,,80.026,,,
08/10/2013,,80.132,,,
09/10/2013,,80.466,,,
10/10/2013,,80.517,,,
11/10/2013,,80.452,,,
14/10/2013,,80.311,,,
15/10/2013,,80.561,,,
16/10/2013,,80.563,,,
17/10/2013,,79.718,,,
18/10/2013,,79.727,,,
21/10/2013,,79.751,,,
22/10/2013,,79.29,,,
23/10/2013,,79.329,,,
24/10/2013,,79.245,,,
25/10/2013,,79.246,,,
28/10/2013,,79.306,,,
29/10/2013,,79.67,,,
30/10/2013,,79.837,,,
31/10/2013,,80.263,,,
01/11/2013,,80.81,,,
04/11/2013,,80.64,,,
05/11/2013,,80.787,,,
06/11/2013,,80.559,,,
07/11/2013,,80.854,,,
08/11/2013,,81.387,,,
11/11/2013,,81.2,,,
12/11/2013,,81.252,,,
13/11/2013,,80.983,,,
14/11/2013,,81.086,,,
15/11/2013,,80.898,,,
18/11/2013,,80.826,,,
19/11/2013,,80.744,,,
20/11/2013,,81.172,,,
21/11/2013,,81.117,,,
22/11/2013,,80.742,,,
25/11/2013,,80.963,,,
26/11/2013,,80.638,,,
27/11/2013,,80.747,,,
28/11/2013,,80.747,,,
29/11/2013,,80.657,,,
02/12/2013,,80.942,,,
03/12/2013,,80.618,,,
04/12/2013,,80.628,,,
05/12/2013,,80.241,,,
06/12/2013,,80.315,,,
09/12/2013,,80.14,,,
10/12/2013,,79.964,,,
11/12/2013,,79.89,,,
12/12/2013,,80.208,,,
13/12/2013,,80.22,,,
16/12/2013,,80.045,,,
18/12/2013,,80.248,,,
19/12/2013,,80.788,,,
20/12/2013,,80.75,,,
23/12/2013,,80.617,,,
24/12/2013,,80.674,,,
26/12/2013,,80.653,,,
27/12/2013,,80.538,,,
30/12/2013,,80.122,,,
31/12/2013,,80.189,,,
02/01/2014,,80.788,,,
03/01/2014,,80.955,,,
06/01/2014,,80.806,,,
07/01/2014,,80.98,,,
08/01/2014,,81.162,,,
09/01/2014,,81.135,,,
10/01/2014,,80.754,,,
13/01/2014,,80.611,,,
14/01/2014,,80.756,,,
15/01/2014,,81.144,,,
16/01/2014,,81.021,,,
17/01/2014,,81.362,,,
20/01/2014,,81.362,,,
21/01/2014,,81.226,,,
22/01/2014,,81.305,,,
23/01/2014,,80.525,,,
24/01/2014,,80.541,,,
27/01/2014,,80.612,,,
28/01/2014,,80.657,,,
29/01/2014,,80.581,,,
30/01/2014,,81.193,,,
31/01/2014,,81.403,,,
03/02/2014,,81.11,,,
04/02/2014,,81.224,,,
05/02/2014,,81.129,,,
06/02/2014,,81.002,,,
07/02/2014,,80.758,,,
10/02/2014,,80.727,,,
11/02/2014,,80.704,,,
12/02/2014,,80.741,,,
13/02/2014,,80.378,,,
14/02/2014,,80.179,,,
17/02/2014,,80.179,,,
18/02/2014,,80.046,,,
19/02/2014,,80.186,,,
20/02/2014,,80.316,,,
21/02/2014,,80.27,,,
24/02/2014,,80.225,,,
25/02/2014,,80.165,,,
26/02/2014,,80.463,,,
27/02/2014,,80.306,,,
28/02/2014,,79.72,,,
03/03/2014,,80.09,,,
04/03/2014,,80.183,,,
05/03/2014,,80.117,,,
06/03/2014,,79.665,,,
07/03/2014,,79.722,,,
10/03/2014,,79.769,,,
11/03/2014,,79.735,,,
12/03/2014,,79.612,,,
13/03/2014,,79.626,,,
14/03/2014,,79.438,,,
17/03/2014,,79.311,,,
18/03/2014,,79.544,,,
19/03/2014,,80.133,,,
20/03/2014,,80.353,,,
21/03/2014,,80.261,,,
24/03/2014,,80.079,,,
25/03/2014,,80.088,,,
26/03/2014,,80.169,,,
27/03/2014,,80.252,,,
28/03/2014,,80.335,,,
31/03/2014,,80.254,,,
01/04/2014,,80.249,,,
02/04/2014,,80.372,,,
03/04/2014,,80.64,,,
04/04/2014,,80.571,,,
07/04/2014,,80.355,,,
08/04/2014,,79.835,,,
09/04/2014,,79.553,,,
10/04/2014,,79.45,,,
11/04/2014,,79.523,,,
14/04/2014,,79.805,,,
15/04/2014,,79.888,,,
16/04/2014,,79.883,,,
17/04/2014,,79.903,,,
21/04/2014,,80.03,,,
22/04/2014,,79.995,,,
23/04/2014,,79.935,,,
24/04/2014,,79.877,,,
25/04/2014,,79.818,,,
28/04/2014,,79.762,,,
29/04/2014,,79.881,,,
30/04/2014,,79.532,,,
01/05/2014,,79.579,,,
02/05/2014,,79.563,,,
05/05/2014,,79.53,,,
06/05/2014,,79.126,,,
07/05/2014,,79.243,,,
08/05/2014,,79.402,,,
09/05/2014,,79.961,,,
12/05/2014,,79.965,,,
13/05/2014,,80.213,,,
14/05/2014,,80.135,,,
15/05/2014,,80.064,,,
16/05/2014,,80.107,,,
19/05/2014,,80.048,,,
20/05/2014,,80.093,,,
21/05/2014,,80.15,,,
22/05/2014,,80.305,,,
23/05/2014,,80.45,,,
26/05/2014,,80.45,,,
27/05/2014,,80.405,,,
28/05/2014,,80.62,,,
29/05/2014,,80.54,,,
30/05/2014,,80.404,,,
02/06/2014,,80.69,,,
03/06/2014,,80.593,,,
04/06/2014,,80.706,,,
05/06/2014,,80.403,,,
06/06/2014,,80.427,,,
09/06/2014,,80.682,,,
10/06/2014,,80.846,,,
11/06/2014,,80.809,,,
12/06/2014,,80.59,,,
16/06/2014,,80.572,,,
17/06/2014,,80.716,,,
18/06/2014,,80.67,,,
19/06/2014,,80.396,,,
20/06/2014,,80.441,,,
23/06/2014,,80.338,,,
24/06/2014,,80.393,,,
25/06/2014,,80.265,,,
26/06/2014,,80.279,,,
27/06/2014,,80.086,,,
30/06/2014,,79.811,,,
01/07/2014,,79.845,,,
02/07/2014,,79.985,,,
03/07/2014,,80.281,,,
04/07/2014,,80.281,,,
07/07/2014,,80.267,,,
08/07/2014,,80.221,,,
09/07/2014,,80.042,,,
10/07/2014,,80.17,,,
11/07/2014,,80.229,,,
14/07/2014,,80.23,,,
15/07/2014,,80.446,,,
16/07/2014,,80.625,,,
17/07/2014,,80.57,,,
18/07/2014,,80.595,,,
21/07/2014,,80.627,,,
22/07/2014,,80.865,,,
23/07/2014,,80.915,,,
24/07/2014,,80.962,,,
25/07/2014,,81.125,,,
28/07/2014,,81.122,,,
29/07/2014,,81.315,,,
30/07/2014,,81.516,,,
31/07/2014,,81.523,,,
01/08/2014,,81.377,,,
04/08/2014,,81.405,,,
05/08/2014,,81.611,,,
06/08/2014,,81.507,,,
07/08/2014,,81.605,,,
08/08/2014,,81.454,,,
11/08/2014,,81.535,,,
12/08/2014,,81.555,,,
13/08/2014,,81.657,,,
14/08/2014,,81.647,,,
15/08/2014,,81.469,,,
18/08/2014,,81.631,,,
19/08/2014,,81.937,,,
20/08/2014,,82.28,,,
21/08/2014,,82.208,,,
22/08/2014,,82.377,,,
25/08/2014,,82.593,,,
26/08/2014,,82.679,,,
27/08/2014,,82.449,,,
28/08/2014,,82.516,,,
29/08/2014,,82.783,,,
01/09/2014,,82.783,,,
02/09/2014,,83.01,,,
03/09/2014,,82.888,,,
04/09/2014,,83.834,,,
05/09/2014,,83.757,,,
08/09/2014,,84.241,,,
09/09/2014,,84.284,,,
10/09/2014,,84.293,,,
11/09/2014,,84.304,,,
12/09/2014,,84.381,,,
15/09/2014,,84.398,,,
16/09/2014,,84.231,,,
17/09/2014,,84.486,,,
18/09/2014,,84.43,,,
19/09/2014,,84.865,,,
22/09/2014,,84.863,,,
23/09/2014,,84.779,,,
24/09/2014,,85.155,,,
25/09/2014,,85.303,,,
29/09/2014,,85.716,,,
30/09/2014,,86.047,,,
01/10/2014,,86.076,,,
02/10/2014,,85.69,,,
03/10/2014,,86.823,,,
06/10/2014,,86.044,,,
07/10/2014,,85.778,,,
08/10/2014,,85.407,,,
09/10/2014,,85.655,,,
10/10/2014,,86.031,,,
13/10/2014,,85.727,,,
14/10/2014,,85.941,,,
15/10/2014,,85.241,,,
16/10/2014,,85.041,,,
17/10/2014,,85.213,,,
18/10/2014,,85.038,,,
20/10/2014,,85.038,,,
21/10/2014,,85.404,,,
22/10/2014,,85.854,,,
23/10/2014,,85.946,,,
24/10/2014,,85.818,,,
27/10/2014,,85.561,,,
28/10/2014,,85.473,,,
29/10/2014,,86.036,,,
30/10/2014,,86.232,,,
31/10/2014,,87.016,,,
03/11/2014,,87.407,,,
04/11/2014,,87.092,,,
05/11/2014,,87.567,,,
06/11/2014,,88.134,,,
07/11/2014,,87.726,,,
10/11/2014,,87.911,,,
11/11/2014,,87.719,,,
12/11/2014,,87.906,,,
13/11/2014,,87.752,,,
14/11/2014,,87.593,,,
17/11/2014,,88.01,,,
18/11/2014,,87.645,,,
19/11/2014,,87.711,,,
20/11/2014,,87.667,,,
21/11/2014,,88.405,,,
24/11/2014,,88.206,,,
25/11/2014,,87.962,,,
26/11/2014,,87.649,,,
27/11/2014,,87.649,,,
28/11/2014,,88.413,,,
01/12/2014,,87.982,,,
02/12/2014,,88.703,,,
03/12/2014,,88.993,,,
04/12/2014,,88.735,,,
05/12/2014,,89.36,,,
08/12/2014,,89.047,,,
09/12/2014,,88.692,,,
10/12/2014,,88.287,,,
11/12/2014,,88.682,,,
12/12/2014,,88.345,,,
15/12/2014,,88.682,,,
16/12/2014,,88.297,,,
17/12/2014,,89.326,,,
18/12/2014,,89.477,,,
19/12/2014,,89.841,,,
22/12/2014,,89.949,,,
23/12/2014,,90.326,,,
24/12/2014,,90.223,,,
26/12/2014,,90.31,,,
29/12/2014,,90.496,,,
30/12/2014,,90.279,,,
31/12/2014,,90.647,,,
02/01/2015,,91.383,,,
05/01/2015,,91.622,,,
06/01/2015,,91.738,,,
07/01/2015,,92.115,,,
08/01/2015,,92.602,,,
09/01/2015,,92.147,,,
12/01/2015,,92.184,,,
13/01/2015,,92.502,,,
14/01/2015,,92.345,,,
15/01/2015,,92.608,,,
16/01/2015,,92.89,,,
19/01/2015,,92.89,,,
20/01/2015,,93.349,,,
21/01/2015,,93.14,,,
22/01/2015,,94.362,,,
23/01/2015,,95.053,,,
26/01/2015,,95.115,,,
27/01/2015,,94.25,,,
28/01/2015,,94.727,,,
29/01/2015,,95.011,,,
30/01/2015,,94.998,,,
02/02/2015,,94.734,,,
03/02/2015,,93.724,,,
04/02/2015,,94.165,,,
05/02/2015,,93.732,,,
06/02/2015,,94.851,,,
09/02/2015,,94.582,,,
10/02/2015,,94.853,,,
11/02/2015,,95.09,,,
12/02/2015,,94.198,,,
13/02/2015,,94.279,,,
16/02/2015,,94.279,,,
17/02/2015,,94.147,,,
18/02/2015,,94.257,,,
19/02/2015,,94.492,,,
20/02/2015,,94.34,,,
23/02/2015,,94.657,,,
24/02/2015,,94.561,,,
25/02/2015,,94.235,,,
26/02/2015,,95.336,,,
27/02/2015,,95.321,,,
02/03/2015,,95.479,,,
03/03/2015,,95.408,,,
04/03/2015,,95.986,,,
05/03/2015,,96.394,,,
06/03/2015,,97.604,,,
09/03/2015,,97.58,,,
10/03/2015,,98.615,,,
11/03/2015,,99.785,,,
12/03/2015,,99.411,,,
13/03/2015,,100.314,,,
16/03/2015,,100.041,,,
17/03/2015,,99.949,,,
18/03/2015,,98.781,,,
19/03/2015,,99.584,,,
20/03/2015,,98.171,,,
23/03/2015,,97.298,,,
24/03/2015,,97.446,,,
25/03/2015,,97.197,,,
26/03/2015,,97.682,,,
27/03/2015,,97.52,,,
30/03/2015,,98.281,,,
31/03/2015,,98.661,,,
01/04/2015,,98.475,,,
02/04/2015,,97.673,,,
06/04/2015,,96.961,,,
07/04/2015,,98.056,,,
08/04/2015,,98.131,,,
09/04/2015,,99.395,,,
10/04/2015,,99.596,,,
13/04/2015,,99.768,,,
14/04/2015,,98.94,,,
15/04/2015,,98.525,,,
16/04/2015,,97.614,,,
17/04/2015,,97.707,,,
20/04/2015,,98.16,,,
21/04/2015,,98.205,,,
22/04/2015,,98.138,,,
23/04/2015,,97.454,,,
24/04/2015,,97.099,,,
27/04/2015,,96.941,,,
28/04/2015,,96.194,,,
29/04/2015,,95.322,,,
30/04/2015,,94.714,,,
01/05/2015,,95.445,,,
04/05/2015,,95.637,,,
05/05/2015,,95.202,,,
06/05/2015,,94.175,,,
07/05/2015,,94.749,,,
08/05/2015,,94.904,,,
11/05/2015,,95.1,,,
12/05/2015,,94.606,,,
13/05/2015,,93.643,,,
14/05/2015,,93.505,,,
15/05/2015,,93.18,,,
18/05/2015,,94.269,,,
19/05/2015,,95.363,,,
20/05/2015,,95.509,,,
21/05/2015,,95.329,,,
22/05/2015,,96.11,,,
25/05/2015,,96.11,,,
26/05/2015,,97.407,,,
27/05/2015,,97.474,,,
28/05/2015,,97.059,,,
29/05/2015,,96.986,,,
01/06/2015,,97.473,,,
02/06/2015,,95.878,,,
03/06/2015,,95.509,,,
04/06/2015,,95.493,,,
05/06/2015,,96.361,,,
08/06/2015,,95.323,,,
09/06/2015,,95.172,,,
10/06/2015,,94.651,,,
11/06/2015,,94.98,,,
12/06/2015,,94.987,,,
15/06/2015,,95.102,,,
16/06/2015,,95.262,,,
17/06/2015,,94.49,,,
18/06/2015,,94.241,,,
19/06/2015,,94.272,,,
22/06/2015,,94.515,,,
23/06/2015,,95.645,,,
24/06/2015,,95.418,,,
25/06/2015,,95.387,,,
26/06/2015,,95.651,,,
29/06/2015,,94.95,,,
30/06/2015,,95.661,,,
01/07/2015,,96.509,,,
02/07/2015,,96.29,,,
03/07/2015,,96.29,,,
06/07/2015,,96.477,,,
07/07/2015,,97.076,,,
08/07/2015,,96.472,,,
09/07/2015,,96.788,,,
10/07/2015,,96.172,,,
13/07/2015,,96.998,,,
14/07/2015,,96.784,,,
15/07/2015,,97.279,,,
16/07/2015,,97.806,,,
17/07/2015,,97.989,,,
20/07/2015,,98.161,,,
21/07/2015,,97.426,,,
22/07/2015,,97.722,,,
23/07/2015,,97.226,,,
24/07/2015,,97.346,,,
27/07/2015,,96.605,,,
28/07/2015,,96.863,,,
29/07/2015,,97.077,,,
30/07/2015,,97.694,,,
31/07/2015,,97.439,,,
03/08/2015,,97.616,,,
04/08/2015,,98.024,,,
05/08/2015,,98.035,,,
06/08/2015,,97.906,,,
07/08/2015,,97.619,,,
10/08/2015,,97.202,,,
11/08/2015,,97.335,,,
12/08/2015,,96.295,,,
13/08/2015,,96.461,,,
14/08/2015,,96.533,,,
17/08/2015,,96.815,,,
18/08/2015,,97.07,,,
19/08/2015,,96.368,,,
20/08/2015,,96.002,,,
21/08/2015,,95.005,,,
24/08/2015,,93.356,,,
25/08/2015,,94.544,,,
26/08/2015,,95.131,,,
27/08/2015,,95.652,,,
28/08/2015,,96.135,,,
31/08/2015,,95.854,,,
01/09/2015,,95.446,,,
02/09/2015,,95.844,,,
03/09/2015,,96.423,,,
04/09/2015,,96.24,,,
07/09/2015,,96.24,,,
08/09/2015,,95.987,,,
09/09/2015,,96.01,,,
10/09/2015,,95.442,,,
11/09/2015,,95.194,,,
14/09/2015,,95.412,,,
15/09/2015,,95.785,,,
16/09/2015,,95.546,,,
17/09/2015,,94.677,,,
18/09/2015,,94.996,,,
21/09/2015,,96.034,,,
22/09/2015,,96.446,,,
23/09/2015,,96.206,,,
24/09/2015,,96.149,,,
25/09/2015,,96.434,,,
28/09/2015,,96.182,,,
29/09/2015,,95.993,,,
30/09/2015,,96.48,,,
01/10/2015,,96.326,,,
02/10/2015,,95.967,,,
05/10/2015,,96.24,,,
06/10/2015,,95.563,,,
07/10/2015,,95.58,,,
08/10/2015,,95.407,,,
09/10/2015,,94.883,,,
12/10/2015,,94.765,,,
13/10/2015,,94.79,,,
14/10/2015,,93.957,,,
15/10/2015,,94.43,,,
16/10/2015,,94.588,,,
19/10/2015,,94.953,,,
20/10/2015,,94.939,,,
21/10/2015,,95.068,,,
22/10/2015,,96.454,,,
23/10/2015,,97.243,,,
26/10/2015,,96.955,,,
27/10/2015,,96.992,,,
28/10/2015,,97.861,,,
29/10/2015,,97.364,,,
30/10/2015,,97.019,,,
02/11/2015,,97.003,,,
03/11/2015,,97.243,,,
04/11/2015,,98.029,,,
05/11/2015,,98.05,,,
06/11/2015,,99.26,,,
09/11/2015,,99.076,,,
10/11/2015,,99.39,,,
11/11/2015,,99.158,,,
12/11/2015,,98.712,,,
13/11/2015,,99.097,,,
16/11/2015,,99.538,,,
17/11/2015,,99.7,,,
18/11/2015,,99.745,,,
19/11/2015,,99.064,,,
20/11/2015,,99.624,,,
23/11/2015,,99.855,,,
24/11/2015,,99.59,,,
25/11/2015,,99.83,,,
26/11/2015,,99.83,,,
27/11/2015,,100.073,,,
30/11/2015,,100.21,,,
01/12/2015,,99.84,,,
02/12/2015,,100.02,,,
03/12/2015,,97.634,,,
04/12/2015,,98.343,,,
07/12/2015,,98.669,,,
08/12/2015,,98.468,,,
09/12/2015,,97.334,,,
10/12/2015,,97.96,,,
11/12/2015,,97.551,,,
14/12/2015,,97.653,,,
15/12/2015,,98.288,,,
16/12/2015,,97.884,,,
17/12/2015,,99.32,,,
18/12/2015,,98.731,,,
21/12/2015,,98.369,,,
22/12/2015,,98.244,,,
23/12/2015,,98.367,,,
24/12/2015,,98.016,,,
28/12/2015,,97.95,,,
29/12/2015,,98.173,,,
30/12/2015,,98.354,,,
31/12/2015,,98.745,,,
04/01/2016,,98.968,,,
05/01/2016,,99.496,,,
07/01/2016,,98.272,,,
08/01/2016,,98.599,,,
11/01/2016,,98.784,,,
12/01/2016,,99.024,,,
13/01/2016,,98.978,,,
14/01/2016,,99.155,,,
15/01/2016,,99.02,,,
18/01/2016,,99.02,,,
19/01/2016,,99.036,,,
20/01/2016,,99.174,,,
21/01/2016,,99.128,,,
22/01/2016,,99.651,,,
25/01/2016,,99.406,,,
26/01/2016,,99.133,,,
27/01/2016,,98.954,,,
28/01/2016,,98.539,,,
29/01/2016,,99.652,,,
01/02/2016,,99.028,,,
02/02/2016,,98.893,,,
03/02/2016,,97.301,,,
04/02/2016,,96.487,,,
05/02/2016,,97.054,,,
08/02/2016,,96.581,,,
09/02/2016,,96.094,,,
10/02/2016,,95.936,,,
11/02/2016,,95.619,,,
12/02/2016,,95.982,,,
15/02/2016,,95.982,,,
16/02/2016,,96.875,,,
17/02/2016,,96.8,,,
18/02/2016,,96.96,,,
19/02/2016,,96.604,,,
22/02/2016,,97.388,,,
23/02/2016,,97.485,,,
24/02/2016,,97.464,,,
25/02/2016,,97.282,,,
26/02/2016,,98.175,,,
29/02/2016,,98.219,,,
01/03/2016,,98.365,,,
02/03/2016,,98.225,,,
03/03/2016,,97.601,,,
04/03/2016,,97.343,,,
07/03/2016,,97.084,,,
08/03/2016,,97.206,,,
09/03/2016,,97.159,,,
10/03/2016,,96.055,,,
11/03/2016,,96.172,,,
14/03/2016,,96.665,,,
15/03/2016,,96.668,,,
16/03/2016,,95.925,,,
17/03/2016,,94.801,,,
18/03/2016,,95.12,,,
21/03/2016,,95.304,,,
22/03/2016,,95.644,,,
23/03/2016,,96.064,,,
24/03/2016,,96.173,,,
28/03/2016,,95.94,,,
29/03/2016,,95.146,,,
30/03/2016,,94.819,,,
31/03/2016,,94.578,,,
01/04/2016,,94.618,,,
04/04/2016,,94.524,,,
05/04/2016,,94.637,,,
06/04/2016,,94.441,,,
07/04/2016,,94.504,,,
08/04/2016,,94.252,,,
11/04/2016,,93.942,,,
12/04/2016,,93.945,,,
13/04/2016,,94.762,,,
14/04/2016,,94.908,,,
15/04/2016,,94.686,,,
18/04/2016,,94.46,,,
19/04/2016,,93.947,,,
20/04/2016,,94.471,,,
21/04/2016,,94.574,,,
22/04/2016,,95.08,,,
25/04/2016,,94.801,,,
26/04/2016,,94.543,,,
27/04/2016,,94.367,,,
28/04/2016,,93.727,,,
29/04/2016,,93.054,,,
02/05/2016,,92.618,,,
03/05/2016,,92.931,,,
04/05/2016,,93.187,,,
05/05/2016,,93.78,,,
06/05/2016,,93.883,,,
09/05/2016,,94.115,,,
10/05/2016,,94.267,,,
11/05/2016,,93.79,,,
12/05/2016,,94.128,,,
13/05/2016,,94.593,,,
16/05/2016,,94.55,,,
17/05/2016,,94.531,,,
18/05/2016,,95.063,,,
19/05/2016,,95.294,,,
20/05/2016,,95.343,,,
23/05/2016,,95.216,,,
24/05/2016,,95.576,,,
25/05/2016,,95.34,,,
26/05/2016,,95.162,,,
27/05/2016,,95.5,,,
30/05/2016,,95.5,,,
31/05/2016,,95.878,,,
01/06/2016,,95.456,,,
02/06/2016,,95.566,,,
03/06/2016,,94.028,,,
06/06/2016,,93.89,,,
07/06/2016,,93.832,,,
08/06/2016,,93.58,,,
09/06/2016,,93.952,,,
10/06/2016,,94.561,,,
13/06/2016,,94.421,,,
14/06/2016,,95.04,,,
15/06/2016,,94.68,,,
16/06/2016,,94.706,,,
17/06/2016,,94.34,,,
20/06/2016,,93.684,,,
21/06/2016,,94.061,,,
22/06/2016,,93.758,,,
23/06/2016,,93.527,,,
24/06/2016,,95.574,,,
27/06/2016,,96.703,,,
28/06/2016,,96.331,,,
29/06/2016,,95.807,,,
30/06/2016,,96.203,,,
01/07/2016,,95.714,,,
04/07/2016,,95.714,,,
05/07/2016,,96.259,,,
06/07/2016,,96.131,,,
07/07/2016,,96.383,,,
08/07/2016,,96.327,,,
11/07/2016,,96.59,,,
12/07/2016,,96.487,,,
13/07/2016,,96.208,,,
14/07/2016,,96.1,,,
15/07/2016,,96.563,,,
18/07/2016,,96.587,,,
19/07/2016,,97.108,,,
20/07/2016,,97.263,,,
21/07/2016,,97.046,,,
22/07/2016,,97.516,,,
25/07/2016,,97.326,,,
26/07/2016,,97.168,,,
27/07/2016,,97.042,,,
28/07/2016,,96.721,,,
29/07/2016,,95.491,,,
01/08/2016,,95.677,,,
02/08/2016,,94.988,,,
03/08/2016,,95.525,,,
04/08/2016,,95.717,,,
05/08/2016,,96.136,,,
08/08/2016,,96.34,,,
09/08/2016,,96.132,,,
10/08/2016,,95.608,,,
11/08/2016,,95.838,,,
12/08/2016,,95.682,,,
15/08/2016,,95.594,,,
16/08/2016,,94.764,,,
17/08/2016,,94.69,,,
18/08/2016,,94.137,,,
19/08/2016,,94.483,,,
22/08/2016,,94.499,,,
23/08/2016,,94.494,,,
24/08/2016,,94.747,,,
25/08/2016,,94.743,,,
26/08/2016,,95.542,,,
29/08/2016,,95.543,,,
30/08/2016,,96.041,,,
31/08/2016,,96.012,,,
01/09/2016,,95.66,,,
02/09/2016,,95.844,,,
05/09/2016,,95.844,,,
06/09/2016,,94.823,,,
07/09/2016,,94.951,,,
08/09/2016,,95.051,,,
09/09/2016,,95.328,,,
12/09/2016,,95.088,,,
13/09/2016,,95.645,,,
14/09/2016,,95.322,,,
15/09/2016,,95.283,,,
16/09/2016,,96.105,,,
19/09/2016,,95.761,,,
20/09/2016,,95.976,,,
21/09/2016,,95.665,,,
22/09/2016,,95.381,,,
23/09/2016,,95.392,,,
26/09/2016,,95.21,,,
27/09/2016,,95.312,,,
28/09/2016,,95.336,,,
29/09/2016,,95.472,,,
30/09/2016,,95.385,,,
03/10/2016,,95.587,,,
04/10/2016,,96.125,,,
05/10/2016,,96.114,,,
06/10/2016,,96.772,,,
07/10/2016,,96.654,,,
10/10/2016,,96.933,,,
11/10/2016,,97.692,,,
12/10/2016,,97.962,,,
13/10/2016,,97.518,,,
14/10/2016,,97.997,,,
17/10/2016,,97.878,,,
18/10/2016,,97.897,,,
19/10/2016,,97.94,,,
20/10/2016,,98.314,,,
21/10/2016,,98.686,,,
24/10/2016,,98.752,,,
25/10/2016,,98.682,,,
26/10/2016,,98.611,,,
27/10/2016,,98.879,,,
28/10/2016,,98.342,,,
31/10/2016,,98.422,,,
01/11/2016,,97.697,,,
02/11/2016,,97.414,,,
03/11/2016,,97.196,,,
04/11/2016,,97.088,,,
07/11/2016,,97.793,,,
08/11/2016,,97.86,,,
09/11/2016,,98.529,,,
10/11/2016,,98.774,,,
11/11/2016,,99.05,,,
14/11/2016,,100.12,,,
15/11/2016,,100.25,,,
16/11/2016,,100.438,,,
17/11/2016,,100.946,,,
18/11/2016,,101.283,,,
21/11/2016,,101.113,,,
22/11/2016,,101.106,,,
23/11/2016,,101.759,,,
24/11/2016,,101.759,,,
25/11/2016,,101.546,,,
28/11/2016,,101.368,,,
29/11/2016,,100.949,,,
30/11/2016,,101.539,,,
01/12/2016,,101.099,,,
02/12/2016,,100.861,,,
05/12/2016,,100.112,,,
06/12/2016,,100.53,,,
07/12/2016,,100.268,,,
08/12/2016,,101.125,,,
09/12/2016,,101.62,,,
12/12/2016,,101.049,,,
13/12/2016,,101.107,,,
14/12/2016,,101.77,,,
15/12/2016,,103.053,,,
16/12/2016,,102.954,,,
19/12/2016,,103.1,,,
20/12/2016,,103.288,,,
21/12/2016,,103.029,,,
22/12/2016,,103.096,,,
23/12/2016,,103.002,,,
27/12/2016,,103.007,,,
28/12/2016,,103.244,,,
29/12/2016,,102.711,,,
30/12/2016,,102.286,,,
03/01/2017,,103.201,,,
04/01/2017,,102.709,,,
05/01/2017,,101.528,,,
06/01/2017,,102.209,,,
09/01/2017,,101.909,,,
10/01/2017,,101.996,,,
11/01/2017,,101.747,,,
12/01/2017,,101.377,,,
13/01/2017,,101.188,,,
16/01/2017,,101.188,,,
17/01/2017,,100.32,,,
18/01/2017,,100.918,,,
19/01/2017,,101.144,,,
20/01/2017,,100.69,,,
23/01/2017,,100.13,,,
24/01/2017,,100.339,,,
25/01/2017,,100.019,,,
26/01/2017,,100.375,,,
27/01/2017,,100.526,,,
30/01/2017,,100.414,,,
31/01/2017,,99.481,,,
01/02/2017,,99.608,,,
02/02/2017,,99.788,,,
03/02/2017,,99.842,,,
06/02/2017,,99.865,,,
07/02/2017,,100.245,,,
08/02/2017,,100.264,,,
09/02/2017,,100.647,,,
10/02/2017,,100.791,,,
13/02/2017,,100.95,,,
14/02/2017,,101.233,,,
15/02/2017,,101.164,,,
16/02/2017,,100.43,,,
17/02/2017,,100.951,,,
20/02/2017,,100.951,,,
21/02/2017,,101.355,,,
22/02/2017,,101.194,,,
23/02/2017,,101.053,,,
24/02/2017,,101.09,,,
27/02/2017,,101.129,,,
28/02/2017,,101.129,,,
01/03/2017,,101.78,,,
02/03/2017,,102.204,,,
03/03/2017,,101.548,,,
06/03/2017,,101.645,,,
07/03/2017,,101.805,,,
08/03/2017,,102.076,,,
09/03/2017,,101.853,,,
10/03/2017,,101.247,,,
13/03/2017,,101.195,,,
14/03/2017,,101.574,,,
15/03/2017,,100.575,,,
16/03/2017,,100.185,,,
17/03/2017,,100.115,,,
20/03/2017,,100.234,,,
21/03/2017,,99.614,,,
22/03/2017,,99.468,,,
23/03/2017,,99.563,,,
24/03/2017,,99.442,,,
27/03/2017,,98.973,,,
28/03/2017,,99.549,,,
29/03/2017,,99.836,,,
30/03/2017,,100.285,,,
31/03/2017,,100.218,,,
03/04/2017,,100.412,,,
04/04/2017,,100.426,,,
05/04/2017,,100.441,,,
06/04/2017,,100.57,,,
07/04/2017,,101.117,,,
10/04/2017,,100.952,,,
11/04/2017,,100.622,,,
12/04/2017,,100.711,,,
13/04/2017,,100.463,,,
17/04/2017,,100.194,,,
18/04/2017,,99.404,,,
19/04/2017,,99.638,,,
20/04/2017,,99.685,,,
21/04/2017,,99.88,,,
24/04/2017,,98.973,,,
25/04/2017,,98.648,,,
26/04/2017,,98.92,,,
27/04/2017,,98.955,,,
28/04/2017,,98.898,,,
01/05/2017,,98.93,,,
02/05/2017,,98.829,,,
03/05/2017,,99.082,,,
04/05/2017,,98.647,,,
05/05/2017,,98.528,,,
08/05/2017,,98.936,,,
09/05/2017,,99.544,,,
10/05/2017,,99.559,,,
11/05/2017,,99.505,,,
12/05/2017,,99.131,,,
15/05/2017,,98.801,,,
16/05/2017,,97.998,,,
17/05/2017,,97.462,,,
18/05/2017,,97.772,,,
19/05/2017,,97.03,,,
22/05/2017,,96.881,,,
23/05/2017,,97.264,,,
24/05/2017,,97.147,,,
25/05/2017,,97.176,,,
26/05/2017,,97.364,,,
29/05/2017,,97.364,,,
30/05/2017,,97.212,,,
31/05/2017,,96.854,,,
01/06/2017,,97.141,,,
02/06/2017,,96.67,,,
05/06/2017,,96.754,,,
06/06/2017,,96.591,,,
07/06/2017,,96.708,,,
08/06/2017,,96.898,,,
09/06/2017,,97.239,,,
12/06/2017,,97.121,,,
13/06/2017,,96.942,,,
14/06/2017,,96.921,,,
15/06/2017,,97.437,,,
16/06/2017,,97.146,,,
19/06/2017,,97.264,,,
20/06/2017,,97.412,,,
21/06/2017,,97.216,,,
22/06/2017,,97.303,,,
23/06/2017,,96.942,,,
26/06/2017,,97.116,,,
27/06/2017,,96.093,,,
28/06/2017,,95.744,,,
29/06/2017,,95.366,,,
30/06/2017,,95.421,,,
03/07/2017,,95.969,,,
04/07/2017,,95.969,,,
05/07/2017,,96.059,,,
06/07/2017,,95.575,,,
07/07/2017,,95.792,,,
10/07/2017,,95.777,,,
11/07/2017,,95.422,,,
12/07/2017,,95.512,,,
13/07/2017,,95.508,,,
14/07/2017,,94.93,,,
17/07/2017,,94.904,,,
18/07/2017,,94.402,,,
19/07/2017,,94.588,,,
20/07/2017,,94.117,,,
21/07/2017,,93.679,,,
24/07/2017,,93.798,,,
25/07/2017,,93.888,,,
26/07/2017,,93.505,,,
27/07/2017,,93.715,,,
28/07/2017,,93.114,,,
31/07/2017,,92.718,,,
01/08/2017,,92.901,,,
02/08/2017,,92.699,,,
03/08/2017,,92.707,,,
04/08/2017,,93.416,,,
07/08/2017,,93.309,,,
08/08/2017,,93.515,,,
09/08/2017,,93.43,,,
10/08/2017,,93.304,,,
11/08/2017,,92.956,,,
14/08/2017,,93.305,,,
15/08/2017,,93.756,,,
16/08/2017,,93.438,,,
17/08/2017,,93.534,,,
18/08/2017,,93.359,,,
21/08/2017,,93.012,,,
22/08/2017,,93.461,,,
23/08/2017,,93.07,,,
24/08/2017,,93.202,,,
25/08/2017,,92.677,,,
28/08/2017,,92.14,,,
29/08/2017,,92.184,,,
30/08/2017,,92.823,,,
31/08/2017,,92.628,,,
01/09/2017,,92.769,,,
04/09/2017,,92.769,,,
05/09/2017,,92.226,,,
06/09/2017,,92.252,,,
07/09/2017,,91.642,,,
08/09/2017,,91.326,,,
11/09/2017,,91.853,,,
12/09/2017,,91.856,,,
13/09/2017,,92.508,,,
14/09/2017,,92.112,,,
15/09/2017,,91.863,,,
18/09/2017,,91.824,,,
19/09/2017,,91.561,,,
20/09/2017,,92.296,,,
21/09/2017,,92.049,,,
22/09/2017,,91.967,,,
25/09/2017,,92.441,,,
26/09/2017,,92.781,,,
27/09/2017,,93.171,,,
28/09/2017,,92.932,,,
29/09/2017,,92.883,,,
02/10/2017,,93.405,,,
03/10/2017,,93.414,,,
04/10/2017,,93.284,,,
05/10/2017,,93.803,,,
06/10/2017,,93.641,,,
09/10/2017,,93.505,,,
10/10/2017,,93.101,,,
11/10/2017,,92.825,,,
12/10/2017,,92.898,,,
13/10/2017,,92.935,,,
16/10/2017,,93.161,,,
17/10/2017,,93.35,,,
18/10/2017,,93.228,,,
19/10/2017,,93.12,,,
20/10/2017,,93.579,,,
23/10/2017,,93.814,,,
24/10/2017,,93.661,,,
25/10/2017,,93.577,,,
26/10/2017,,94.509,,,
27/10/2017,,94.822,,,
30/10/2017,,94.454,,,
31/10/2017,,94.429,,,
01/11/2017,,94.709,,,
02/11/2017,,94.588,,,
03/11/2017,,94.858,,,
06/11/2017,,94.657,,,
07/11/2017,,94.8,,,
08/11/2017,,94.768,,,
09/11/2017,,94.352,,,
10/11/2017,,94.278,,,
13/11/2017,,94.388,,,
14/11/2017,,93.723,,,
15/11/2017,,93.726,,,
16/11/2017,,93.854,,,
17/11/2017,,93.575,,,
20/11/2017,,93.997,,,
21/11/2017,,93.877,,,
22/11/2017,,93.135,,,
23/11/2017,,93.135,,,
24/11/2017,,92.707,,,
27/11/2017,,92.825,,,
28/11/2017,,93.213,,,
29/11/2017,,93.107,,,
30/11/2017,,93.002,,,
01/12/2017,,92.841,,,
04/12/2017,,93.144,,,
05/12/2017,,93.334,,,
06/12/2017,,93.582,,,
07/12/2017,,93.769,,,
08/12/2017,,93.874,,,
11/12/2017,,93.843,,,
12/12/2017,,94.08,,,
13/12/2017,,93.419,,,
14/12/2017,,93.479,,,
15/12/2017,,93.929,,,
18/12/2017,,93.239,,,
19/12/2017,,93.027,,,
20/12/2017,,92.891,,,
21/12/2017,,92.862,,,
22/12/2017,,92.924,,,
26/12/2017,,92.801,,,
27/12/2017,,92.612,,,
28/12/2017,,92.3,,,
29/12/2017,,91.826,,,
02/01/2018,,91.573,,,
03/01/2018,,91.896,,,
04/01/2018,,91.581,,,
05/01/2018,,91.673,,,
08/01/2018,,92.1,,,
09/01/2018,,92.26,,,
10/01/2018,,92.07,,,
11/01/2018,,91.608,,,
12/01/2018,,90.735,,,
15/01/2018,,90.735,,,
16/01/2018,,90.146,,,
17/01/2018,,90.313,,,
18/01/2018,,90.297,,,
19/01/2018,,90.37,,,
22/01/2018,,90.191,,,
23/01/2018,,89.915,,,
24/01/2018,,89.011,,,
25/01/2018,,89.227,,,
26/01/2018,,88.891,,,
29/01/2018,,89.131,,,
30/01/2018,,88.999,,,
31/01/2018,,88.954,,,
01/02/2018,,88.505,,,
02/02/2018,,89.036,,,
05/02/2018,,89.405,,,
06/02/2018,,89.451,,,
07/02/2018,,90.118,,,
08/02/2018,,90.116,,,
09/02/2018,,90.334,,,
12/02/2018,,90.096,,,
13/02/2018,,89.592,,,
14/02/2018,,89.005,,,
15/02/2018,,88.505,,,
16/02/2018,,89.013,,,
19/02/2018,,89.013,,,
20/02/2018,,89.636,,,
21/02/2018,,89.913,,,
22/02/2018,,89.656,,,
23/02/2018,,89.808,,,
26/02/2018,,89.79,,,
27/02/2018,,90.28,,,
28/02/2018,,90.551,,,
01/03/2018,,90.281,,,
02/03/2018,,89.906,,,
05/03/2018,,90.041,,,
06/03/2018,,89.59,,,
07/03/2018,,89.607,,,
08/03/2018,,90.156,,,
09/03/2018,,90.065,,,
12/03/2018,,89.867,,,
13/03/2018,,89.643,,,
14/03/2018,,89.687,,,
15/03/2018,,90.126,,,
16/03/2018,,90.212,,,
19/03/2018,,89.332,,,
20/03/2018,,89.954,,,
21/03/2018,,89.369,,,
22/03/2018,,89.473,,,
23/03/2018,,89.033,,,
26/03/2018,,88.604,,,
27/03/2018,,88.983,,,
28/03/2018,,89.719,,,
29/03/2018,,89.812,,,
02/04/2018,,89.706,,,
03/04/2018,,89.859,,,
04/04/2018,,89.783,,,
05/04/2018,,90.154,,,
06/04/2018,,89.782,,,
09/04/2018,,89.534,,,
10/04/2018,,89.28,,,
11/04/2018,,89.253,,,
12/04/2018,,89.456,,,
13/04/2018,,89.503,,,
16/04/2018,,89.135,,,
17/04/2018,,89.228,,,
18/04/2018,,89.347,,,
19/04/2018,,89.695,,,
20/04/2018,,90.075,,,
23/04/2018,,90.705,,,
24/04/2018,,90.537,,,
25/04/2018,,90.953,,,
26/04/2018,,91.365,,,
27/04/2018,,91.343,,,
30/04/2018,,91.63,,,
01/05/2018,,92.255,,,
02/05/2018,,92.339,,,
03/05/2018,,92.251,,,
04/05/2018,,92.408,,,
07/05/2018,,92.592,,,
08/05/2018,,92.958,,,
09/05/2018,,92.884,,,
10/05/2018,,92.516,,,
11/05/2018,,92.411,,,
14/05/2018,,92.462,,,
15/05/2018,,93.093,,,
16/05/2018,,93.281,,,
17/05/2018,,93.375,,,
18/05/2018,,93.544,,,
21/05/2018,,93.581,,,
22/05/2018,,93.526,,,
23/05/2018,,93.918,,,
24/05/2018,,93.701,,,
25/05/2018,,94.13,,,
28/05/2018,,94.13,,,
29/05/2018,,94.789,,,
30/05/2018,,94.115,,,
31/05/2018,,93.959,,,
01/06/2018,,94.169,,,
04/06/2018,,93.986,,,
05/06/2018,,93.871,,,
06/06/2018,,93.634,,,
07/06/2018,,93.376,,,
08/06/2018,,93.537,,,
11/06/2018,,93.56,,,
12/06/2018,,93.801,,,
13/06/2018,,93.699,,,
14/06/2018,,94.776,,,
15/06/2018,,94.782,,,
18/06/2018,,94.457,,,
19/06/2018,,94.729,,,
20/06/2018,,94.716,,,
21/06/2018,,94.404,,,
22/06/2018,,94.18,,,
25/06/2018,,93.939,,,
26/06/2018,,94.346,,,
27/06/2018,,94.969,,,
28/06/2018,,95.096,,,
29/06/2018,,94.349,,,
02/07/2018,,94.779,,,
03/07/2018,,94.412,,,
04/07/2018,,94.412,,,
05/07/2018,,94.223,,,
06/07/2018,,93.769,,,
09/07/2018,,93.807,,,
10/07/2018,,93.889,,,
11/07/2018,,94.486,,,
12/07/2018,,94.564,,,
13/07/2018,,94.5,,,
16/07/2018,,94.272,,,
17/07/2018,,94.704,,,
18/07/2018,,94.811,,,
19/07/2018,,94.942,,,
20/07/2018,,94.226,,,
23/07/2018,,94.44,,,
24/07/2018,,94.388,,,
25/07/2018,,94.129,,,
26/07/2018,,94.544,,,
27/07/2018,,94.46,,,
30/07/2018,,94.111,,,
31/07/2018,,94.275,,,
01/08/2018,,94.428,,,
02/08/2018,,94.987,,,
03/08/2018,,94.961,,,
06/08/2018,,95.187,,,
07/08/2018,,95.046,,,
08/08/2018,,94.89,,,
09/08/2018,,95.355,,,
10/08/2018,,96.218,,,
13/08/2018,,96.251,,,
14/08/2018,,96.605,,,
15/08/2018,,96.577,,,
16/08/2018,,96.536,,,
17/08/2018,,95.981,,,
20/08/2018,,95.789,,,
21/08/2018,,95.15,,,
22/08/2018,,95.051,,,
23/08/2018,,95.583,,,
24/08/2018,,95.063,,,
27/08/2018,,94.684,,,
28/08/2018,,94.635,,,
29/08/2018,,94.522,,,
30/08/2018,,94.679,,,
31/08/2018,,95.083,,,
03/09/2018,,95.083,,,
04/09/2018,,95.38,,,
05/09/2018,,95.124,,,
06/09/2018,,94.988,,,
07/09/2018,,95.329,,,
10/09/2018,,95.11,,,
11/09/2018,,95.225,,,
12/09/2018,,94.768,,,
13/09/2018,,94.517,,,
14/09/2018,,94.925,,,
17/09/2018,,94.076,,,
18/09/2018,,94.227,,,
19/09/2018,,94.119,,,
20/09/2018,,93.491,,,
21/09/2018,,93.798,,,
24/09/2018,,93.775,,,
25/09/2018,,93.711,,,
26/09/2018,,93.773,,,
27/09/2018,,94.524,,,
28/09/2018,,94.737,,,
01/10/2018,,94.929,,,
02/10/2018,,95.14,,,
03/10/2018,,95.406,,,
04/10/2018,,95.412,,,
05/10/2018,,95.305,,,
08/10/2018,,95.436,,,
09/10/2018,,95.346,,,
10/10/2018,,95.177,,,
11/10/2018,,94.706,,,
12/10/2018,,94.911,,,
15/10/2018,,94.754,,,
16/10/2018,,94.748,,,
17/10/2018,,95.297,,,
18/10/2018,,95.638,,,
19/10/2018,,95.443,,,
22/10/2018,,95.749,,,
23/10/2018,,95.713,,,
24/10/2018,,96.182,,,
25/10/2018,,96.455,,,
26/10/2018,,96.128,,,
29/10/2018,,96.35,,,
30/10/2018,,96.791,,,
31/10/2018,,96.901,,,
01/11/2018,,96.081,,,
02/11/2018,,96.343,,,
05/11/2018,,96.083,,,
06/11/2018,,96.117,,,
07/11/2018,,95.807,,,
08/11/2018,,96.55,,,
09/11/2018,,96.734,,,
12/11/2018,,97.382,,,
13/11/2018,,97.144,,,
14/11/2018,,96.659,,,
15/11/2018,,96.791,,,
16/11/2018,,96.333,,,
19/11/2018,,96.066,,,
20/11/2018,,96.716,,,
21/11/2018,,96.585,,,
22/11/2018,,96.585,,,
23/11/2018,,96.825,,,
26/11/2018,,96.979,,,
27/11/2018,,97.28,,,
28/11/2018,,96.681,,,
29/11/2018,,96.699,,,
30/11/2018,,97.196,,,
03/12/2018,,96.969,,,
04/12/2018,,96.902,,,
05/12/2018,,97.01,,,
06/12/2018,,96.764,,,
07/12/2018,,96.476,,,
10/12/2018,,97.183,,,
11/12/2018,,97.358,,,
12/12/2018,,97.018,,,
13/12/2018,,97.056,,,
14/12/2018,,97.43,,,
17/12/2018,,96.55,,,
18/12/2018,,96.57,,,
19/12/2018,,96.484,,,
20/12/2018,,95.728,,,
21/12/2018,,96.455,,,
24/12/2018,,96.007,,,
26/12/2018,,96.568,,,
27/12/2018,,96.001,,,
28/12/2018,,95.965,,,
31/12/2018,,95.735,,,
02/01/2019,,96.423,,,
03/01/2019,,95.878,,,
04/01/2019,,95.75,,,
07/01/2019,,95.228,,,
08/01/2019,,95.479,,,
09/01/2019,,94.79,,,
10/01/2019,,95.12,,,
11/01/2019,,95.266,,,
14/01/2019,,95.207,,,
15/01/2019,,95.675,,,
16/01/2019,,95.677,,,
17/01/2019,,95.713,,,
18/01/2019,,95.993,,,
21/01/2019,,95.993,,,
22/01/2019,,95.959,,,
23/01/2019,,95.772,,,
24/01/2019,,96.297,,,
25/01/2019,,95.465,,,
28/01/2019,,95.424,,,
29/01/2019,,95.516,,,
30/01/2019,,95.031,,,
31/01/2019,,95.304,,,
01/02/2019,,95.3,,,
04/02/2019,,95.57,,,
05/02/2019,,95.817,,,
06/02/2019,,96.152,,,
07/02/2019,,96.289,,,
08/02/2019,,96.416,,,
11/02/2019,,96.857,,,
12/02/2019,,96.503,,,
13/02/2019,,96.938,,,
14/02/2019,,96.805,,,
15/02/2019,,96.74,,,
18/02/2019,,96.74,,,
19/02/2019,,96.349,,,
20/02/2019,,96.294,,,
21/02/2019,,96.463,,,
22/02/2019,,96.367,,,
25/02/2019,,96.271,,,
26/02/2019,,95.865,,,
27/02/2019,,96.038,,,
28/02/2019,,96.043,,,
01/03/2019,,96.45,,,
04/03/2019,,96.61,,,
05/03/2019,,96.795,,,
06/03/2019,,96.799,,,
07/03/2019,,97.628,,,
08/03/2019,,97.269,,,
11/03/2019,,97.174,,,
12/03/2019,,96.899,,,
13/03/2019,,96.512,,,
14/03/2019,,96.769,,,
15/03/2019,,96.59,,,
18/03/2019,,95.983,,,
19/03/2019,,95.831,,,
20/03/2019,,95.201,,,
21/03/2019,,95.987,,,
22/03/2019,,96.151,,,
25/03/2019,,96.068,,,
26/03/2019,,96.225,,,
27/03/2019,,96.283,,,
28/03/2019,,96.764,,,
29/03/2019,,96.845,,,
01/04/2019,,96.799,,,
02/04/2019,,96.923,,,
03/04/2019,,96.662,,,
04/04/2019,,96.925,,,
05/04/2019,,97.002,,,
08/04/2019,,96.65,,,
09/04/2019,,96.611,,,
10/04/2019,,96.558,,,
11/04/2019,,96.809,,,
12/04/2019,,96.598,,,
15/04/2019,,96.556,,,
16/04/2019,,96.652,,,
17/04/2019,,96.658,,,
18/04/2019,,97.151,,,
22/04/2019,,96.955,,,
23/04/2019,,97.32,,,
24/04/2019,,97.855,,,
25/04/2019,,97.919,,,
26/04/2019,,97.726,,,
29/04/2019,,97.581,,,
30/04/2019,,97.201,,,
01/05/2019,,97.41,,,
02/05/2019,,97.586,,,
03/05/2019,,97.26,,,
06/05/2019,,97.268,,,
07/05/2019,,97.399,,,
08/05/2019,,97.388,,,
09/05/2019,,97.164,,,
10/05/2019,,97.125,,,
13/05/2019,,97.12,,,
14/05/2019,,97.322,,,
15/05/2019,,97.376,,,
16/05/2019,,97.678,,,
17/05/2019,,97.824,,,
20/05/2019,,97.764,,,
21/05/2019,,97.896,,,
22/05/2019,,97.881,,,
23/05/2019,,97.723,,,
24/05/2019,,97.477,,,
27/05/2019,,97.477,,,
28/05/2019,,97.842,,,
29/05/2019,,98.035,,,
30/05/2019,,98.053,,,
31/05/2019,,97.666,,,
03/06/2019,,97.06,,,
04/06/2019,,96.999,,,
05/06/2019,,97.251,,,
06/06/2019,,96.997,,,
07/06/2019,,96.49,,,
10/06/2019,,96.711,,,
11/06/2019,,96.645,,,
12/06/2019,,96.97,,,
13/06/2019,,96.999,,,
14/06/2019,,97.57,,,
17/06/2019,,97.052,,,
18/06/2019,,97.153,,,
19/06/2019,,96.582,,,
20/06/2019,,96.138,,,
21/06/2019,,95.718,,,
24/06/2019,,95.487,,,
25/06/2019,,95.648,,,
26/06/2019,,95.728,,,
27/06/2019,,95.742,,,
28/06/2019,,95.666,,,
01/07/2019,,96.409,,,
02/07/2019,,96.274,,,
03/07/2019,,96.331,,,
04/07/2019,,96.331,,,
05/07/2019,,96.89,,,
08/07/2019,,96.984,,,
09/07/2019,,97.095,,,
10/07/2019,,96.703,,,
11/07/2019,,96.666,,,
12/07/2019,,96.424,,,
15/07/2019,,96.545,,,
16/07/2019,,97.041,,,
17/07/2019,,96.853,,,
18/07/2019,,96.449,,,
19/07/2019,,96.817,,,
22/07/2019,,96.94,,,
23/07/2019,,97.418,,,
24/07/2019,,97.452,,,
25/07/2019,,97.552,,,
26/07/2019,,97.751,,,
29/07/2019,,97.796,,,
30/07/2019,,97.809,,,
31/07/2019,,98.258,,,
01/08/2019,,98.144,,,
02/08/2019,,97.852,,,
05/08/2019,,97.308,,,
06/08/2019,,97.417,,,
07/08/2019,,97.345,,,
08/08/2019,,97.434,,,
09/08/2019,,97.322,,,
12/08/2019,,97.198,,,
13/08/2019,,97.631,,,
14/08/2019,,97.826,,,
15/08/2019,,98.005,,,
16/08/2019,,98.007,,,
19/08/2019,,98.221,,,
20/08/2019,,98.063,,,
21/08/2019,,98.179,,,
22/08/2019,,98.064,,,
23/08/2019,,97.53,,,
26/08/2019,,97.989,,,
27/08/2019,,97.907,,,
28/08/2019,,98.12,,,
29/08/2019,,98.455,,,
30/08/2019,,98.86,,,
